Date;Open;High;Low;Close;Adj Close;Volume
12/12/2017;45.25;45.52;45.060001;45.290001;38.630646;13999300
13/12/2017;45.450001;46.049999;45.400002;45.900002;39.150955;12418700
14/12/2017;45.810001;46.169998;45.799999;46.029999;39.261845;9029000
15/12/2017;46.290001;46.419998;46.040001;46.189999;39.398315;21181600
18/12/2017;46.200001;46.380001;45.91;45.93;39.17654;10156800
19/12/2017;46.040001;46.380001;45.91;46.130001;39.347145;8253200
20/12/2017;46.209999;46.299999;45.959999;46.080002;39.304485;7311000
21/12/2017;46.139999;46.220001;45.560001;45.599998;38.895061;9657100
22/12/2017;45.689999;45.73;45.549999;45.59;38.886536;5406300
26/12/2017;45.700001;45.860001;45.610001;45.810001;39.074192;6100400
27/12/2017;45.900002;45.939999;45.720001;45.93;39.17654;5660600
28/12/2017;45.91;45.990002;45.639999;45.720001;38.997417;6538900
29/12/2017;45.700001;46.18;45.689999;45.880001;39.133896;8371500
2/01/2018;45.91;45.939999;45.509998;45.540001;38.843887;10872200
3/01/2018;45.490002;45.689999;45.34;45.439999;38.758591;12635600
4/01/2018;45.560001;46.220001;45.450001;46.080002;39.304485;12709400
5/01/2018;46.02;46.200001;45.790001;46.07;39.295959;13113100
8/01/2018;45.950001;46.099998;45.880001;46;39.236248;7068600
9/01/2018;46;46.360001;45.939999;46.23;39.432426;9962400
10/01/2018;46.23;46.259998;45.93;46.07;39.295959;10700700
11/01/2018;46.23;46.23;45.860001;46.040001;39.270363;7583200
12/01/2018;46.279999;46.389999;46.029999;46.150002;39.364201;14570100
16/01/2018;46.150002;46.619999;46.139999;46.529999;39.688324;16459300
17/01/2018;46.580002;47;46.549999;46.82;39.935688;12143100
18/01/2018;46.75;47.07;46.610001;46.880001;39.986858;11952900
19/01/2018;46.990002;47.25;46.869999;47.16;40.225677;16187400
22/01/2018;47.139999;47.5;47.09;47.380001;40.413338;9577400
23/01/2018;47.209999;47.700001;47.130001;47.450001;40.473053;11463700
24/01/2018;47.529999;47.950001;47.48;47.830002;40.797176;15964500
25/01/2018;47.700001;48;47.700001;47.84;40.805706;11755000
26/01/2018;47.779999;48.619999;47.740002;48.529999;41.394241;16671200
29/01/2018;48.209999;48.459999;47.580002;47.700001;40.686287;11662600
30/01/2018;47.73;48.16;47.400002;47.41;40.438931;12404800
31/01/2018;47.450001;47.900002;47.369999;47.59;40.592453;10960100
1/02/2018;47.41;47.73;47.110001;47.450001;40.473053;10279400
2/02/2018;47.349998;47.41;46.630001;46.73;39.858917;12912300
5/02/2018;46.650002;46.919998;44.41;44.889999;38.289459;23261500
6/02/2018;43.869999;44.740002;43.439999;44.669998;38.101814;25184300
7/02/2018;44.580002;45.5;44.279999;44.560001;38.007984;18041600
8/02/2018;44.619999;44.619999;43.07;43.099998;36.762661;23295300
9/02/2018;43.360001;43.459999;42.189999;43.130001;36.788254;22853100
12/02/2018;43.560001;44.23;43.369999;43.970001;37.504745;14689000
13/02/2018;43.919998;44.41;43.689999;44.189999;37.692383;13163200
14/02/2018;44.02;44.189999;43.630001;44.099998;37.615623;13457900
15/02/2018;44.25;44.830002;44.119999;44.779999;38.195637;13467300
16/02/2018;45.57;45.639999;44.720001;44.98;38.366226;17202300
20/02/2018;44.75;44.830002;43.939999;43.990002;37.521801;14137300
21/02/2018;44.110001;44.259998;43.330002;43.34;36.967384;12792900
22/02/2018;43.43;43.82;43.220001;43.52;37.120911;12377800
23/02/2018;43.580002;44.060001;43.419998;44.040001;37.564449;8277200
26/02/2018;44.23;44.389999;43.810001;44.029999;37.55592;12713300
27/02/2018;44.150002;44.310001;43.619999;43.619999;37.206196;12774400
28/02/2018;43.830002;43.91;43.220001;43.220001;36.865021;11929400
1/03/2018;43.099998;43.639999;42.82;43.43;37.044128;17746800
2/03/2018;43.25;43.799999;43.240002;43.720001;37.2915;14050100
5/03/2018;43.57;43.939999;43.5;43.889999;37.436497;11992700
6/03/2018;43.950001;44.049999;43.59;43.93;37.470619;10010500
7/03/2018;43.59;43.919998;43.470001;43.82;37.376801;10881700
8/03/2018;43.900002;44.459999;43.799999;44.450001;37.914162;12361100
9/03/2018;44.57;44.82;44.389999;44.82;38.229752;9778600
12/03/2018;44.950001;45.09;44.330002;44.529999;37.982391;11857700
13/03/2018;44.669998;44.830002;44.400002;44.57;38.016506;11342100
14/03/2018;44.380001;44.43;43.73;43.779999;37.672321;15321200
15/03/2018;43.880001;44;43.549999;43.669998;37.577656;12456700
16/03/2018;43.700001;44.02;43.450001;43.459999;37.396957;26603300
19/03/2018;43.459999;43.709999;43.18;43.259998;37.224865;12380300
20/03/2018;43.32;43.48;43.009998;43.16;37.138805;13559800
21/03/2018;43.130001;43.450001;42.790001;43;37.001129;13054000
22/03/2018;42.880001;43.369999;42.700001;42.759998;36.794609;12274100
23/03/2018;42.82;43.16;42.290001;42.330002;36.424606;13475200
26/03/2018;42.610001;42.810001;42.25;42.689999;36.734379;11276100
27/03/2018;42.700001;43.310001;42.529999;42.889999;36.906487;11627000
28/03/2018;43;43.700001;43;43.32;37.276485;16277400
29/03/2018;43.540001;43.919998;43.290001;43.43;37.371136;10450500
2/04/2018;43.439999;43.5;42.470001;42.669998;36.717171;14207900
3/04/2018;42.98;43.540001;42.84;43.380001;37.328121;15484600
4/04/2018;43.139999;44.400002;43.110001;44.240002;38.06815;13563300
5/04/2018;44.279999;44.610001;43.939999;44.400002;38.205822;11707800
6/04/2018;44.279999;44.52;43.709999;43.919998;37.792793;11495100
9/04/2018;44.029999;44.310001;43.779999;43.830002;37.715347;11913400
10/04/2018;44.07;44.18;43.720001;43.990002;37.853027;10379500
11/04/2018;43.810001;44.139999;43.759998;43.990002;37.853027;8424300
12/04/2018;44.080002;44.41;43.950001;44.029999;37.887447;8476400
13/04/2018;44.189999;44.689999;44.139999;44.509998;38.30048;10774200
16/04/2018;44.650002;44.889999;44.400002;44.68;38.446762;8962100
17/04/2018;44.950001;45.029999;44.650002;44.880001;38.618862;8406400
18/04/2018;44.900002;44.970001;44.330002;44.509998;38.30048;7429000
19/04/2018;44.34;44.470001;44.02;44.310001;38.12838;10370400
20/04/2018;44.310001;44.41;43.580002;43.740002;37.637901;14690700
23/04/2018;43.740002;43.990002;43.560001;43.98;37.844414;11878500
24/04/2018;43.98;44.099998;42.73;43.07;37.061367;18523900
25/04/2018;42.740002;42.889999;41.91;42.43;36.510654;20774700
26/04/2018;42.400002;43.099998;42.259998;42.75;36.786015;13561000
27/04/2018;42.73;43.34;42.709999;43.310001;37.267883;9777900
30/04/2018;43.5;43.689999;42.970001;43.209999;37.181843;16037700
1/05/2018;42.959999;42.990002;42.18;42.59;36.648323;11514200
2/05/2018;42.400002;42.59;41.939999;42.060001;36.192276;13736400
3/05/2018;42.220001;42.400002;41.52;41.889999;36.04599;18352200
4/05/2018;41.790001;42.5;41.77;42.360001;36.450424;10946200
7/05/2018;42.34;42.490002;41.959999;42.139999;36.261108;9336000
8/05/2018;41.970001;42.09;41.689999;41.810001;35.977154;15062200
9/05/2018;41.970001;42.23;41.669998;41.779999;35.951332;9295200
10/05/2018;41.990002;42.360001;41.939999;42.18;36.295536;7924200
11/05/2018;42.240002;42.470001;42.040001;42.139999;36.261108;6331900
14/05/2018;42.25;42.32;41.900002;42.040001;36.175056;10715500
15/05/2018;41.779999;41.919998;41.450001;41.720001;35.899715;16449700
16/05/2018;41.740002;41.939999;41.540001;41.549999;35.753426;11590500
17/05/2018;42.009998;42.349998;41.869999;42.299999;36.398788;14857400
18/05/2018;42.299999;42.380001;42.080002;42.18;36.295536;11950200
21/05/2018;42.310001;42.52;42.27;42.41;36.493446;9110200
22/05/2018;42.5;42.599998;42.209999;42.25;36.35577;8222900
23/05/2018;42.25;42.450001;41.93;42.400002;36.48484;8971400
24/05/2018;42.400002;42.470001;42.189999;42.32;36.416004;9269600
25/05/2018;42.34;42.580002;42.200001;42.400002;36.48484;8806500
29/05/2018;42.119999;42.849998;42.099998;42.68;36.725777;14826900
30/05/2018;42.77;43.279999;42.700001;43.130001;37.113007;10114200
31/05/2018;43.200001;43.209999;42.68;43;37.001129;15571300
1/06/2018;43.099998;43.32;43.040001;43.119999;37.104389;10664700
4/06/2018;43.360001;43.59;43.290001;43.490002;37.422775;11727600
5/06/2018;43.5;43.540001;43.099998;43.110001;37.095795;9975900
6/06/2018;43.060001;43.459999;43.040001;43.459999;37.396957;9202900
7/06/2018;43.330002;43.73;43.330002;43.439999;37.379745;11948100
8/06/2018;43.57;44;43.560001;43.950001;37.818604;12078800
11/06/2018;43.950001;44.25;43.889999;44.130001;37.973484;7526100
12/06/2018;44.130001;44.419998;44.080002;44.41;38.214428;8243300
13/06/2018;44.349998;44.52;44.150002;44.18;38.016518;16745000
14/06/2018;43.75;43.849998;43.52;43.580002;37.834202;12696200
15/06/2018;43.560001;44.150002;43.450001;44.119999;38.303001;21562500
18/06/2018;43.880001;43.959999;43.400002;43.549999;37.808151;12161900
19/06/2018;43.299999;43.75;43.200001;43.599998;37.851566;12936400
20/06/2018;43.619999;43.779999;43.23;43.259998;37.556389;10893700
21/06/2018;43.27;43.299999;42.959999;43.09;37.408806;10465200
22/06/2018;43.150002;43.41;43.080002;43.25;37.547714;14924400
25/06/2018;43.16;43.75;43.16;43.580002;37.834202;12092400
26/06/2018;43.560001;43.84;43.279999;43.330002;37.617165;13974700
27/06/2018;43.330002;43.610001;42.990002;43.07;37.391438;15332600
28/06/2018;43.240002;43.68;43.169998;43.470001;37.738708;12668900
29/06/2018;43.57;44.099998;43.310001;43.860001;38.077286;11485600
2/07/2018;43.779999;44.16;43.580002;43.75;37.981792;9232500
3/07/2018;44.060001;44.330002;43.990002;43.990002;38.19014;8214300
5/07/2018;44.16;44.669998;44.130001;44.66;38.771801;11653000
6/07/2018;44.669998;44.939999;44.580002;44.639999;38.75444;8733900
9/07/2018;44.540001;44.73;44.34;44.400002;38.546097;7373100
10/07/2018;44.509998;45;44.5;44.970001;39.040943;10606100
11/07/2018;44.990002;45;44.639999;44.790001;38.88467;7715600
12/07/2018;44.830002;44.959999;44.490002;44.669998;38.780502;6331600
13/07/2018;44.700001;44.779999;44.470001;44.740002;38.841263;5585900
16/07/2018;44.73;44.799999;44.529999;44.73;38.832581;5831400
17/07/2018;44.75;45.389999;44.68;45.25;39.284023;11592200
18/07/2018;45.189999;45.290001;44.84;45.119999;39.171154;7351600
19/07/2018;44.990002;45.43;44.919998;45.110001;39.162483;10097500
20/07/2018;45.02;45.279999;44.900002;45.279999;39.310062;8588400
23/07/2018;45.279999;45.360001;44.77;44.950001;39.023567;9055700
24/07/2018;44.779999;45.27;44.610001;45.259998;39.292706;13786100
25/07/2018;46;46.580002;45.75;46.09;40.013271;21330600
26/07/2018;46.360001;46.59;46.200001;46.240002;40.14349;12673100
27/07/2018;46.32;46.5;46.060001;46.209999;40.117447;10516900
30/07/2018;46.099998;46.439999;46.049999;46.23;40.134804;8967900
31/07/2018;46.400002;46.669998;46.310001;46.630001;40.482071;12438800
1/08/2018;46.450001;46.490002;46.169998;46.389999;40.273712;9904100
2/08/2018;46.48;46.630001;46.18;46.18;40.091408;12009700
3/08/2018;46.23;46.759998;46.139999;46.619999;40.473392;11462800
6/08/2018;46.599998;46.869999;46.549999;46.650002;40.499439;10056100
7/08/2018;46.52;46.610001;46.130001;46.5;40.369217;8632900
8/08/2018;46.490002;46.560001;46.119999;46.150002;40.065353;6810000
9/08/2018;46.25;46.419998;46.080002;46.349998;40.238998;8924100
10/08/2018;46.209999;46.419998;45.970001;46.080002;40.004593;7535400
13/08/2018;46.049999;46.130001;45.700001;45.830002;39.787552;8143400
14/08/2018;45.91;46.099998;45.869999;45.889999;39.839642;6846100
15/08/2018;45.77;46.150002;45.650002;46.080002;40.004593;9686400
16/08/2018;46.110001;46.380001;45.970001;46.220001;40.126133;10600700
17/08/2018;46.290001;46.73;46.240002;46.599998;40.456028;8885700
20/08/2018;46.68;46.869999;46.59;46.73;40.568897;6392000
21/08/2018;46.73;46.75;46.209999;46.220001;40.126133;13986300
22/08/2018;46.34;46.380001;45.919998;45.93;39.874363;7159100
23/08/2018;45.889999;46.080002;45.689999;45.700001;39.674698;13144900
24/08/2018;45.650002;45.799999;45.580002;45.630001;39.613911;10952900
27/08/2018;46.049999;46.049999;45.560001;45.689999;39.666008;9581200
28/08/2018;45.650002;45.73;45.279999;45.369999;39.388195;8476800
29/08/2018;45.25;45.419998;45.220001;45.330002;39.353477;12410900
30/08/2018;45.279999;45.32;44.889999;44.950001;39.023567;9716500
31/08/2018;45;45.07;44.389999;44.57;38.693668;19834100
4/09/2018;44.599998;44.900002;44.509998;44.759998;38.858624;11138500
5/09/2018;44.66;45.419998;44.66;45.380001;39.396881;10554900
6/09/2018;45.400002;46;45.299999;45.77;39.735458;11439400
7/09/2018;45.599998;45.82;45.279999;45.720001;39.692047;10208100
10/09/2018;45.91;46.310001;45.799999;46.060001;39.987228;8568900
11/09/2018;46.099998;46.150002;45.880001;46.02;39.952499;9278300
12/09/2018;46.16;46.299999;46.02;46.240002;40.14349;13216400
13/09/2018;46.009998;46.119999;45.709999;45.830002;40.125984;8294800
14/09/2018;45.919998;46.029999;45.610001;45.990002;40.26606;7612900
17/09/2018;46;46.330002;45.91;46.32;40.555004;8527300
18/09/2018;46.389999;46.529999;45.93;45.93;40.213535;9847400
19/09/2018;46;46.110001;45.869999;45.959999;40.239803;7119000
20/09/2018;46.220001;46.68;46.150002;46.639999;40.835171;9736700
21/09/2018;46.639999;46.689999;46.380001;46.580002;40.782639;19240300
24/09/2018;46.490002;46.529999;45.84;46.07;40.336105;10778900
25/09/2018;46.060001;46.18;45.610001;45.68;39.994659;7919100
26/09/2018;45.77;46.07;45.57;45.849998;40.143482;10162600
27/09/2018;45.73;46.18;45.68;46.009998;40.283573;10826900
28/09/2018;46;46.189999;45.970001;46.189999;40.441181;9071900
1/10/2018;46.169998;46.349998;46.049999;46.23;40.476192;9364700
2/10/2018;46.279999;46.560001;46.060001;46.509998;40.721348;7462700
3/10/2018;46.459999;46.549999;45.799999;45.869999;40.161007;10542300
4/10/2018;45.66;45.900002;45.43;45.849998;40.143482;9582300
5/10/2018;45.939999;46.16;45.689999;45.880001;40.16975;8734100
8/10/2018;45.990002;46.580002;45.970001;46.48;40.695095;9808100
9/10/2018;46.380001;46.549999;46.220001;46.389999;40.616276;10824500
10/10/2018;46.299999;46.700001;45.669998;45.68;39.994659;13917000
11/10/2018;45.799999;45.970001;44.5;44.639999;39.084087;17677900
12/10/2018;44.48;44.880001;44.25;44.68;39.119118;12420100
15/10/2018;44.639999;45.27;44.59;44.91;39.320492;11608500
16/10/2018;45.02;45.599998;44.860001;45.490002;39.828304;10442500
17/10/2018;45.41;45.990002;45.360001;45.860001;40.152252;11055800
18/10/2018;45.900002;46.080002;45.459999;45.610001;39.933357;12716900
19/10/2018;45.830002;46.490002;45.830002;46.330002;40.563759;13989200
22/10/2018;46.369999;46.459999;45.810001;45.970001;40.248566;14283600
23/10/2018;45.619999;46.459999;45.450001;46.360001;40.590008;17483900
24/10/2018;46.330002;47.389999;46.240002;46.73;40.913975;21626000
25/10/2018;46.650002;46.740002;46.119999;46.509998;40.721348;14220200
26/10/2018;46.369999;46.48;45.43;45.919998;40.204777;21458000
29/10/2018;46.150002;46.560001;46.049999;46.459999;40.677567;20932200
30/10/2018;46.619999;47.740002;46.040001;47.630001;41.701954;20895400
31/10/2018;47.5;48.080002;47.220001;47.880001;41.920837;25309400
1/11/2018;47.810001;48.150002;47.299999;47.740002;41.798267;16494500
2/11/2018;47.82;48;47.439999;48;42.025906;17584900
5/11/2018;48;48.779999;47.919998;48.689999;42.630024;16543500
6/11/2018;48.650002;49.130001;48.599998;49.110001;42.997749;14373400
7/11/2018;49.389999;49.549999;49.029999;49.369999;43.225391;12239700
8/11/2018;49.119999;49.369999;49.099998;49.330002;43.190376;9762800
9/11/2018;49.389999;49.889999;49.360001;49.68;43.496807;12398100
12/11/2018;49.610001;50.240002;49.540001;49.869999;43.663155;13918300
13/11/2018;49.810001;50;49.580002;49.860001;43.654411;13872900
14/11/2018;49.849998;49.939999;49.59;49.759998;43.566856;12106800
15/11/2018;49.66;49.75;49.27;49.740002;43.549351;12080100
16/11/2018;49.66;50.25;49.630001;50.169998;43.925827;13405800
19/11/2018;50.310001;50.759998;50.25;50.509998;44.223507;13575800
20/11/2018;50.82;50.84;49.209999;49.380001;43.23415;16255300
21/11/2018;49.23;49.439999;48.59;48.73;42.665051;13559200
23/11/2018;48.75;49.23;48.549999;49.02;42.918957;4792500
26/11/2018;49.009998;49.23;48.669998;48.869999;42.787624;9341900
27/11/2018;48.880001;49.41;48.73;49.369999;43.225391;9180700
28/11/2018;49.209999;49.720001;49.209999;49.709999;43.523075;11368700
29/11/2018;49.279999;49.43;48.970001;48.98;43.223038;11564300
30/11/2018;49;50.490002;48.990002;50.400002;44.476135;25538200
3/12/2018;49.869999;49.959999;48.889999;49.689999;43.849583;14877200
4/12/2018;49.970001;50.509998;49.5;49.580002;43.752514;19059900
6/12/2018;49.509998;49.630001;48.66;49.380001;43.576031;17674900
7/12/2018;49.57;49.68;48.880001;49.09;43.320114;15565700
10/12/2018;49.450001;49.450001;48.470001;49.240002;43.452473;12331100
11/12/2018;49.59;50.009998;49.18;49.540001;43.71722;18083600
12/12/2018;49.950001;50.02;49.189999;49.220001;43.434834;12316900
13/12/2018;48.720001;49.610001;48.57;49.470001;43.655449;13766200
14/12/2018;49.23;49.52;49.02;49.34;43.540726;13835900
17/12/2018;49.34;49.529999;48.02;48.330002;42.649437;18482700
18/12/2018;48.610001;48.830002;47.849998;48.32;42.640617;14765700
19/12/2018;48.240002;48.759998;47.619999;47.900002;42.269981;17903800
20/12/2018;47.810001;48.130001;47.099998;47.540001;41.952297;21130000
21/12/2018;47.259998;48.75;47.23;47.57;41.978764;32477700
24/12/2018;47.619999;47.869999;45.830002;45.959999;40.557999;10733700
26/12/2018;45.880001;46.959999;45.66;46.939999;41.422817;14342600
27/12/2018;46.740002;47.549999;46.029999;47.529999;41.943466;16966500
28/12/2018;47.889999;48.009998;47.029999;47.200001;41.652256;13218200
31/12/2018;47.490002;47.540001;46.959999;47.349998;41.784618;10576300
2/01/2019;46.939999;47.220001;46.560001;46.93;41.41399;11603700
3/01/2019;46.82;47.369999;46.529999;46.639999;41.15807;14714400
4/01/2019;46.75;47.57;46.639999;47.57;41.978764;13013700
7/01/2019;47.57;47.75;46.900002;46.950001;41.431641;13135500
8/01/2019;47.25;47.57;47.040001;47.48;41.899345;15420700
9/01/2019;47.080002;47.279999;46.43;46.57;41.096302;18032500
10/01/2019;46.66;47.09;46.34;47.07;41.537537;15976600
11/01/2019;47.290001;47.360001;46.970001;47.34;41.775803;11088600
14/01/2019;47.25;47.400002;46.990002;47.150002;41.608128;11514300
15/01/2019;46.889999;47.599998;46.810001;47.57;41.978764;11342900
16/01/2019;47.400002;47.470001;46.860001;46.919998;41.405163;16907800
17/01/2019;46.919998;47.139999;46.880001;47.060001;41.528717;12044600
18/01/2019;47.25;47.689999;47.119999;47.610001;42.014065;12760700
22/01/2019;47.700001;47.790001;47.209999;47.720001;42.111134;11700400
23/01/2019;47.82;48.290001;47.650002;48.27;42.596485;12058300
24/01/2019;48.110001;48.110001;47.380001;47.689999;42.084667;10272000
25/01/2019;47.880001;48.029999;47.240002;47.369999;41.802269;12066500
28/01/2019;47.220001;47.299999;46.939999;47.169998;41.625774;9966900
29/01/2019;47.200001;47.630001;47.130001;47.400002;41.828747;11998600
30/01/2019;47.25;47.889999;47.189999;47.860001;42.23468;12952500
31/01/2019;47.849998;48.779999;47.470001;48.130001;42.472946;32181500
1/02/2019;48.48;48.779999;48.400002;48.700001;42.975948;19130100
4/02/2019;48.700001;49.450001;48.540001;49.25;43.4613;15105700
5/02/2019;49.330002;49.470001;49.099998;49.259998;43.470139;12651900
6/02/2019;49.209999;49.360001;49.02;49.259998;43.470139;8689100
7/02/2019;49.169998;49.459999;49;49.419998;43.61132;10047800
8/02/2019;49.369999;49.5;49.110001;49.5;43.681923;9813300
11/02/2019;49.57;49.880001;49.48;49.610001;43.778992;9369300
12/02/2019;49.689999;49.799999;49.459999;49.66;43.82312;10983300
13/02/2019;49.610001;49.939999;49.560001;49.790001;43.937832;12748800
14/02/2019;46.700001;46.959999;45.5;45.59;40.231491;58905400
15/02/2019;45.900002;46.259998;45.200001;45.240002;39.922626;35701600
19/02/2019;45.32;45.59;44.77;44.830002;39.560818;25511300
20/02/2019;44.91;45.240002;44.799999;45.099998;39.799088;27464000
21/02/2019;45;45.91;44.959999;45.860001;40.469753;23121200
22/02/2019;45.759998;45.950001;45.200001;45.279999;39.957924;24728400
25/02/2019;45.439999;45.57;44.84;44.939999;39.65789;23774400
26/02/2019;45.099998;45.139999;44.66;44.689999;39.437279;20463200
27/02/2019;44.599998;45.02;44.419998;44.939999;39.65789;17827500
28/02/2019;45.119999;45.610001;45.110001;45.34;40.010876;22533900
1/03/2019;45.470001;45.639999;45.200001;45.380001;40.046173;16291600
4/03/2019;45.529999;45.669998;45.299999;45.650002;40.284439;15973800
5/03/2019;45.650002;45.700001;45.400002;45.599998;40.240318;13062300
6/03/2019;45.669998;45.790001;45.439999;45.450001;40.107948;14232100
7/03/2019;45.490002;45.529999;45.130001;45.279999;39.957924;12084000
8/03/2019;45.150002;45.25;44.610001;44.84;39.569641;15579100
11/03/2019;45.139999;46.240002;45.099998;46.18;40.752151;22126900
12/03/2019;45.950001;46.25;45.900002;46.049999;40.637424;19348500
13/03/2019;46.130001;46.34;45.91;46.220001;40.787441;16222500
14/03/2019;45.84;46.110001;45.630001;45.700001;40.680622;18504100
15/03/2019;45.720001;45.900002;45.139999;45.299999;40.324554;47254500
18/03/2019;45.43;45.68;45.360001;45.41;40.422474;24006400
19/03/2019;45.549999;45.689999;45.34;45.560001;40.555996;14987000
20/03/2019;45.400002;45.900002;45.18;45.529999;40.529289;13376100
21/03/2019;45.529999;45.759998;45.439999;45.509998;40.51149;20043000
22/03/2019;45.459999;46.110001;45.459999;45.93;40.885357;19055900
25/03/2019;45.860001;46.200001;45.790001;46.029999;40.974377;11668200
26/03/2019;46.169998;46.790001;46.169998;46.639999;41.517376;11434900
27/03/2019;46.650002;46.91;46.330002;46.610001;41.490669;11543600
28/03/2019;46.68;46.919998;46.48;46.580002;41.46397;11121100
29/03/2019;46.669998;46.91;46.48;46.860001;41.713211;16045600
1/04/2019;46.990002;47.169998;46.59;46.720001;41.588596;11522700
2/04/2019;46.75;46.93;46.57;46.57;41.455063;8495000
3/04/2019;46.419998;46.59;46.040001;46.18;41.107903;12854500
4/04/2019;46.34;46.540001;46.110001;46.48;41.374958;7814900
5/04/2019;46.490002;46.580002;46.200001;46.470001;41.366043;7677600
8/04/2019;46.540001;46.57;46.27;46.549999;41.437263;9421300
9/04/2019;46.450001;46.720001;46.27;46.669998;41.544079;8641800
10/04/2019;46.84;47;46.560001;46.639999;41.517376;8059900
11/04/2019;46.720001;46.75;46.540001;46.709999;41.579689;7352400
12/04/2019;46.669998;46.93;46.57;46.740002;41.6064;10690000
15/04/2019;46.880001;47.040001;46.700001;47;41.83783;10261300
16/04/2019;47.049999;47.099998;46.700001;46.950001;41.793335;10804600
17/04/2019;47.200001;47.549999;47.150002;47.279999;42.087078;11849300
18/04/2019;47.330002;47.580002;47.27;47.48;42.265121;12167000
22/04/2019;47.400002;47.610001;47.02;47.400002;42.193905;9834700
23/04/2019;48.09;48.720001;47.549999;48.209999;42.914936;25327800
24/04/2019;48.029999;48.23;47.919998;47.98;42.710197;15997300
25/04/2019;47.740002;47.889999;47.470001;47.84;42.585571;11444400
26/04/2019;47.990002;48.450001;47.98;48.259998;42.959446;10154300
29/04/2019;48.169998;48.450001;48.110001;48.419998;43.101868;9731500
30/04/2019;48.529999;49.18;48.389999;49.060001;43.671577;17912900
1/05/2019;48.950001;49.080002;48.549999;48.59;43.253204;10551200
2/05/2019;48.529999;48.77;48.27;48.389999;43.075169;8724600
3/05/2019;48.599998;48.959999;48.52;48.720001;43.368923;7076900
6/05/2019;48.330002;48.610001;48.259998;48.470001;43.146381;8657800
7/05/2019;48.23;48.290001;47.77;48;42.728004;12487500
8/05/2019;48.049999;48.23;47.82;47.849998;42.594475;9281400
9/05/2019;47.799999;47.98;47.07;47.400002;42.193905;11450500
10/05/2019;47.41;48.299999;47.400002;48.189999;42.897133;9653800
13/05/2019;47.91;48.130001;47.73;48.049999;42.772514;11911500
14/05/2019;48.529999;49.32;48.349998;48.689999;43.34222;16844200
15/05/2019;48.669998;49.380001;48.599998;49.18;43.7784;11422500
16/05/2019;49.27;49.66;49.209999;49.580002;44.134468;17771300
17/05/2019;49.27;49.549999;49.169998;49.200001;43.796207;11257000
20/05/2019;49.040001;49.139999;48.759998;48.849998;43.484646;13850500
21/05/2019;49;49.029999;48.450001;48.599998;43.262108;10587400
22/05/2019;48.779999;49.709999;48.720001;49.650002;44.19677;16050400
23/05/2019;49.5;49.900002;49.459999;49.849998;44.374817;12199400
24/05/2019;49.82;49.889999;49.529999;49.610001;44.161175;6887600
28/05/2019;49.599998;49.669998;49.029999;49.099998;43.707188;18614000
29/05/2019;48.740002;49.029999;48.41;48.610001;43.271004;12534600
30/05/2019;48.720001;49.310001;48.669998;49.25;43.840717;9087200
31/05/2019;49;49.310001;48.779999;49.130001;43.733898;11368600
3/06/2019;49.16;49.98;49.02;49.98;44.490532;14167200
4/06/2019;50;50.279999;49.619999;50;44.508339;12010600
5/06/2019;50.009998;51.139999;49.689999;50.779999;45.202663;15837600
6/06/2019;50.91;51.540001;50.59;51.400002;45.75457;15190400
7/06/2019;51.470001;52.189999;51.450001;51.490002;45.83469;15293600
10/06/2019;51.540001;51.540001;51.09;51.380001;45.736771;9737400
11/06/2019;51.450001;51.59;51.18;51.330002;45.692261;9915600
12/06/2019;51.5;52.139999;51.470001;51.639999;45.968216;11088100
13/06/2019;51.459999;51.700001;50.779999;51.130001;45.86953;10353600
14/06/2019;51.049999;51.529999;51.049999;51.310001;46.03101;8694300
17/06/2019;51.25;51.48;50.610001;50.869999;45.63628;12322400
18/06/2019;51.25;51.299999;50.529999;50.639999;45.429943;9221100
19/06/2019;50.540001;51.240002;50.470001;51.119999;45.860558;9414100
20/06/2019;51.5;51.790001;51.349998;51.66;46.345001;10656600
21/06/2019;51.529999;51.889999;51.41;51.549999;46.246319;21264400
24/06/2019;51.740002;52.200001;51.700001;51.919998;46.578247;10780000
25/06/2019;52;52.099998;51.639999;51.759998;46.434715;11519900
26/06/2019;51.52;51.639999;51.09;51.119999;45.860558;12405100
27/06/2019;51.290001;51.400002;50.970001;51.080002;45.824677;12374900
28/06/2019;51.27;51.400002;50.52;50.919998;45.681129;16339900
1/07/2019;51.07;51.630001;50.779999;51.599998;46.291172;14976400
2/07/2019;51.779999;52.049999;51.549999;51.98;46.63208;8569200
3/07/2019;52;52.330002;52;52.099998;46.739731;7253700
5/07/2019;51.889999;52.119999;51.48;52.110001;46.748707;8916300
8/07/2019;52.200001;52.330002;51.889999;52;46.650017;9495100
9/07/2019;51.720001;51.970001;51.43;51.59;46.282204;10584900
10/07/2019;51.799999;51.970001;51.66;51.82;46.488541;7620900
11/07/2019;51.990002;52.060001;51.66;52.040001;46.685905;10376500
12/07/2019;52.25;52.290001;51.91;52.119999;46.757671;7347400
15/07/2019;52.279999;52.290001;51.869999;52.130001;46.766644;5876100
16/07/2019;51.959999;52.470001;51.810001;52.139999;46.775608;7132500
17/07/2019;52.220001;52.259998;52.009998;52.18;46.811501;8264200
18/07/2019;52.040001;52.169998;51.669998;52.029999;46.676929;11911800
19/07/2019;52.139999;52.150002;51.369999;51.389999;46.102779;10355500
22/07/2019;51.52;51.52;51.130001;51.220001;45.950272;12090700
23/07/2019;53.25;54.639999;52.759998;54.330002;48.740303;33417900
24/07/2019;54.119999;54.82;53.619999;53.779999;48.246876;15633400
25/07/2019;53.630001;53.799999;52.720001;53.07;47.609932;19135000
26/07/2019;53.34;54.310001;53.189999;54.169998;48.59676;11451900
29/07/2019;54.169998;54.299999;53.900002;53.990002;48.435284;12283900
30/07/2019;53.959999;54.299999;53.57;53.720001;48.193058;8127100
31/07/2019;53.509998;53.509998;52.040001;52.630001;47.215199;16865500
1/08/2019;52.779999;53.200001;52.009998;52.029999;46.676929;19527200
2/08/2019;51.91;52.73;51.91;52.330002;46.946064;13102300
5/08/2019;52.389999;52.66;51.400002;51.650002;46.336025;19986500
6/08/2019;51.869999;52.759998;51.610001;52.27;46.892242;19903100
7/08/2019;52.27;53.389999;51.77;53.18;47.708611;17937000
8/08/2019;53.209999;53.779999;52.849998;53.689999;48.166142;10799000
9/08/2019;53.790001;53.900002;53.080002;53.419998;47.923923;9260900
12/08/2019;53.279999;53.439999;52.990002;53.200001;47.726559;6588600
13/08/2019;52.900002;53.610001;52.869999;53.5;47.995697;8581200
14/08/2019;53.34;53.970001;52.970001;52.990002;47.53817;17088900
15/08/2019;53.43;54;53.23;53.869999;48.327633;12393200
16/08/2019;53.98;54.490002;53.950001;54.41;48.812065;14288700
19/08/2019;54.439999;54.779999;54.310001;54.689999;49.063251;10936200
20/08/2019;54.619999;54.68;53.84;53.880001;48.33659;8176700
21/08/2019;54.25;54.41;53.849998;54.099998;48.53397;10886500
22/08/2019;54.119999;54.639999;54.099998;54.490002;48.883839;7467900
23/08/2019;54.419998;54.709999;53.389999;53.740002;48.211002;14160400
26/08/2019;54;54.540001;53.73;54.540001;48.928692;9226900
27/08/2019;54.700001;54.950001;54.41;54.720001;49.090179;13537000
28/08/2019;54.66;55.150002;54.419998;55.110001;49.440048;10046400
29/08/2019;55.259998;55.34;54.599998;55.049999;49.386219;9262800
30/08/2019;55.16;55.220001;54.810001;55.040001;49.377251;8746700
3/09/2019;54.98;55.330002;54.869999;55.299999;49.610497;12991400
4/09/2019;55.349998;55.919998;55.299999;55.77;50.03215;10718100
5/09/2019;55.75;55.77;55.029999;55.119999;49.449013;13677000
6/09/2019;55.439999;55.439999;54.759998;55.23;49.547699;9093500
9/09/2019;55.029999;55.080002;54.360001;54.52;48.910759;10814900
10/09/2019;54.23;54.439999;53.849998;54.400002;48.803101;12038200
11/09/2019;54.290001;54.799999;53.970001;54.77;49.135033;9740400
12/09/2019;55.099998;55.310001;54.98;55.110001;49.440048;12357900
13/09/2019;54.48;54.790001;54.07;54.259998;49.03339;11486100
16/09/2019;54.099998;54.34;53.630001;53.959999;48.762295;11172000
17/09/2019;54.099998;54.700001;53.959999;54.240002;49.01532;11347400
18/09/2019;54.200001;54.290001;53.82;54.23;49.00629;9700400
19/09/2019;54.23;54.599998;54.130001;54.52;49.26836;7560300
20/09/2019;54.689999;54.689999;53.900002;53.91;48.717106;19211500
23/09/2019;53.91;54.360001;53.880001;54.139999;48.924953;6485300
24/09/2019;54.25;54.610001;54.040001;54.299999;49.069542;10093000
25/09/2019;54.439999;54.48;54;54.169998;48.952065;10248400
26/09/2019;54.470001;54.580002;54.130001;54.389999;49.150871;10031200
27/09/2019;54.560001;54.639999;54;54.310001;49.078579;7939900
30/09/2019;54.150002;54.68;54.150002;54.439999;49.196049;9808700
1/10/2019;54.529999;54.779999;54.009998;54.650002;49.38583;14261500
2/10/2019;54.209999;54.439999;52.900002;53.080002;47.967068;14343600
3/10/2019;53.5;53.98;52.82;53.84;48.653851;13817500
4/10/2019;54;54.540001;53.889999;54.540001;49.286423;9295400
7/10/2019;54.330002;54.360001;53.77;53.869999;48.680969;5964900
8/10/2019;53.880001;54.07;53.450001;53.580002;48.4189;13301900
9/10/2019;54.060001;54.07;53.540001;53.830002;48.64481;7135000
10/10/2019;53.549999;53.880001;53.360001;53.66;48.491188;8942900
11/10/2019;53.650002;53.700001;53.200001;53.299999;48.165867;8981700
14/10/2019;53.490002;53.68;53.220001;53.299999;48.165867;7306300
15/10/2019;53.43;53.68;53.27;53.509998;48.355633;9564300
16/10/2019;53.459999;53.57;53.130001;53.490002;48.337566;10454800
17/10/2019;53.689999;54.119999;53.580002;53.790001;48.608669;13190300
18/10/2019;55;55.389999;54.450001;54.779999;49.503311;18122400
21/10/2019;54.450001;54.560001;53.68;54.23;49.00629;12778900
22/10/2019;54.23;54.419998;53.740002;53.849998;48.662888;9533400
23/10/2019;54.060001;54.66;54.009998;54.639999;49.376793;8556600
24/10/2019;54.57;54.82;54.490002;54.610001;49.349682;11051400
25/10/2019;54.549999;54.560001;53.669998;53.75;48.572525;9782400
28/10/2019;53.740002;53.950001;53.369999;53.57;48.409866;8866100
29/10/2019;53.389999;53.66;53.259998;53.41;48.265274;7999700
30/10/2019;53.52;54.049999;53.16;53.939999;48.744225;8620900
31/10/2019;53.959999;54.470001;53.849998;54.43;49.187023;13982000
1/11/2019;54.630001;54.740002;53.849998;53.900002;48.708073;9889500
4/11/2019;53.959999;54;52.970001;53.139999;48.021282;17515100
5/11/2019;52.889999;52.889999;52.119999;52.419998;47.370632;19284000
6/11/2019;52.529999;52.799999;52.41;52.799999;47.714027;13288900
7/11/2019;52.880001;53;51.959999;52.290001;47.253159;11725500
8/11/2019;52.459999;52.599998;52.09;52.209999;47.180859;7141800
11/11/2019;52.330002;52.369999;51.779999;51.84;46.8465;8198300
12/11/2019;51.91;51.91;51.580002;51.709999;46.729023;12656900
13/11/2019;52.18;52.450001;51.959999;52.41;47.361595;12257900
14/11/2019;52.529999;52.669998;52.349998;52.630001;47.560402;8660300
15/11/2019;52.639999;52.68;52.380001;52.669998;47.596546;8982400
18/11/2019;52.68;53.439999;52.669998;53.029999;47.921875;13782000
19/11/2019;53.150002;53.310001;52.869999;53.080002;47.967068;12679500
20/11/2019;53.099998;53.400002;53.009998;53.220001;48.093571;11970300
21/11/2019;53.110001;53.34;52.779999;52.959999;47.858624;7856100
22/11/2019;52.959999;53.189999;52.75;53.029999;47.921875;9113300
25/11/2019;53.279999;53.389999;52.77;53.220001;48.093571;10963500
26/11/2019;53.310001;53.939999;53.220001;53.900002;48.708073;13219800
27/11/2019;53.93;54.099998;53.599998;53.950001;48.753254;9595200
29/11/2019;53.700001;53.73;53.220001;53.400002;48.616692;7222300
2/12/2019;53.32;53.75;52.849998;53.75;48.935341;13173800
3/12/2019;53.709999;53.84;53.400002;53.799999;48.980862;14498300
4/12/2019;53.799999;54.310001;53.720001;54.290001;49.426971;13624000
5/12/2019;54.209999;54.290001;53.830002;54.189999;49.33593;14068100
6/12/2019;54.310001;54.5;54.169998;54.419998;49.545319;7843500
9/12/2019;54.299999;54.509998;54.02;54.07;49.226677;13887200
10/12/2019;54.040001;54.07;53.73;53.77;48.953548;8993900
11/12/2019;53.939999;54.150002;53.66;53.950001;49.117432;8879100
12/12/2019;54.009998;54.450001;53.939999;54.139999;49.290405;11233300
13/12/2019;53.939999;54.549999;53.84;54.419998;49.545319;13072200
16/12/2019;54.689999;54.830002;54.369999;54.419998;49.545319;9538100
17/12/2019;54.400002;54.580002;54.290001;54.419998;49.545319;9230000
18/12/2019;54.529999;54.75;53.889999;53.91;49.081013;15132100
19/12/2019;54.040001;54.34;53.919998;54.32;49.454281;13385900
20/12/2019;54.939999;55.200001;54.470001;54.970001;50.046059;23832800
23/12/2019;55;55.240002;54.84;54.91;49.991428;9300800
24/12/2019;54.799999;55;54.639999;54.709999;49.809349;3359300
26/12/2019;54.919998;55.02;54.790001;55.02;50.091583;6228500
27/12/2019;55.009998;55.450001;55;55.349998;50.392025;6895500
30/12/2019;55.18;55.389999;55.060001;55.27;50.319187;6431700
31/12/2019;55.200001;55.380001;54.98;55.349998;50.392025;7982600
2/01/2020;55.32;55.43;54.759998;54.990002;50.06427;11867700
3/01/2020;54.32;54.990002;54.09;54.689999;49.791138;11354500
6/01/2020;54.650002;54.91;54.52;54.669998;49.77293;14698300
7/01/2020;54.450001;54.599998;54.150002;54.25;49.390549;9973900
8/01/2020;54.27;54.639999;54.150002;54.349998;49.481598;10676000
9/01/2020;55;55.400002;54.84;55.34;50.382912;15398000
10/01/2020;55.48;55.93;55.450001;55.529999;50.555897;13040100
13/01/2020;55.529999;56.23;55.419998;56.130001;51.102154;14302900
14/01/2020;56.240002;56.290001;55.830002;56;50.983803;16345300
15/01/2020;56;56.98;56;56.700001;51.621098;17735400
16/01/2020;56.849998;56.950001;56.610001;56.82;51.73035;10234100
17/01/2020;56.869999;57.150002;56.799999;56.939999;51.8396;14264300
21/01/2020;56.849998;57.25;56.57;57.169998;52.048996;11968900
22/01/2020;57.25;57.639999;57.18;57.610001;52.449585;12869600
23/01/2020;57.380001;57.849998;57.240002;57.830002;52.649876;12858900
24/01/2020;57.849998;57.869999;57.459999;57.68;52.513306;8594300
27/01/2020;57.209999;57.849998;57.130001;57.48;52.33123;14359900
28/01/2020;57.450001;57.75;56.970001;57.009998;51.903328;15240200
29/01/2020;57;57.259998;56.66;57.009998;51.903328;13163600
30/01/2020;57.93;58.98;57.759998;58.860001;53.587612;20225600
31/01/2020;58.970001;59.080002;58.150002;58.400002;53.168819;17685200
3/02/2020;58.75;58.970001;58.52;58.580002;53.332691;12333600
4/02/2020;58.75;59.450001;58.619999;58.84;53.569408;15417900
5/02/2020;58.900002;59.080002;58.540001;58.849998;53.578514;11414900
6/02/2020;58.98;59.34;58.84;58.990002;53.705963;9347000
7/02/2020;58.880001;59.32;58.849998;59.189999;53.888046;8757800
10/02/2020;59.32;59.84;59.290001;59.75;54.397888;7984900
11/02/2020;59.720001;59.799999;59.32;59.59;54.252232;7431200
12/02/2020;59.48;59.77;59.32;59.41;54.088345;9179100
13/02/2020;59.380001;59.84;59.209999;59.610001;54.270435;8173200
14/02/2020;59.630001;60.07;59.619999;59.950001;54.579975;9965500
18/02/2020;59.810001;59.93;59.450001;59.529999;54.197594;10075700
19/02/2020;59.509998;60;59.470001;59.77;54.4161;6265700
20/02/2020;59.68;59.860001;59.110001;59.720001;54.370575;7597200
21/02/2020;59.509998;60.130001;59.43;60.130001;54.743851;10842400
24/02/2020;59.110001;59.799999;58.57;58.650002;53.39642;14415500
25/02/2020;58.700001;59.200001;57.619999;57.82;52.64077;15915100
26/02/2020;57.98;58.470001;57.48;57.599998;52.440475;15837800
27/02/2020;57.150002;57.889999;54.880001;54.93;50.009644;23754000
28/02/2020;53.830002;53.889999;51.580002;53.490002;48.698631;40890600
2/03/2020;53.93;55.959999;53.700001;55.919998;50.910965;25698600
3/03/2020;56.759998;57.490002;55.639999;56.060001;51.038425;27099200
4/03/2020;56.41;59;56.41;58.919998;53.642235;20526100
5/03/2020;57.799999;58.169998;56.189999;56.740002;51.657524;17948500
6/03/2020;54.939999;55.91;53.98;55.259998;50.310081;22353900
9/03/2020;52.049999;53.580002;51.48;51.860001;47.214649;27898300
10/03/2020;53.220001;53.799999;51.169998;53.66;48.853401;27457400
11/03/2020;52.349998;52.650002;51.139999;52.209999;47.533279;22653900
12/03/2020;48.540001;49.93;46.689999;47.16;42.93565;31913100
13/03/2020;49.509998;49.560001;46.610001;48.470001;44.515308;33697200
16/03/2020;42.240002;47.880001;41.169998;45.259998;41.567207;28682300
17/03/2020;45.880001;47.5;45.369999;47.18;43.330563;32106700
18/03/2020;44.740002;45.150002;41.59;44.849998;41.190659;35408300
19/03/2020;44.360001;44.66;41.040001;41.830002;38.417068;41956900
20/03/2020;41.950001;42.07;37.509998;38.299999;35.175076;51513500
23/03/2020;38.759998;38.889999;36.27;37.560001;34.495457;44978500
24/03/2020;41.220001;41.400002;38.830002;39.450001;36.231255;49096200
25/03/2020;40.630001;43.450001;39.91;41.610001;38.215015;42511700
26/03/2020;42.84;45.27;42.450001;44.290001;40.676357;37821700
27/03/2020;43.66;44.029999;42.400002;42.810001;39.317108;23297900
30/03/2020;43.040001;45.560001;43.040001;45;41.328419;23446000
31/03/2020;45.07;45.509998;44.060001;44.25;40.639622;25373900
1/04/2020;42.48;43.650002;41.799999;42.119999;38.683407;21936400
2/04/2020;42.220001;44.189999;41.860001;43.950001;40.364082;17621900
3/04/2020;43.580002;44.34;43.310001;43.830002;40.253895;14207100
6/04/2020;45.389999;47.009998;44.689999;46.669998;42.862167;22850000
7/04/2020;48.5;48.599998;46.48;46.509998;42.715221;21279600
8/04/2020;46.639999;48.09;46.330002;47.82;43.918339;18937100
9/04/2020;48.439999;49.73;48.349998;49;45.00206;19165300
13/04/2020;48.349998;48.639999;46.5;46.93;43.10096;19586000
14/04/2020;47.939999;49.25;46.93;48.919998;44.928585;21801900
15/04/2020;47.709999;48.400002;47.41;47.610001;43.725471;12893200
16/04/2020;47.400002;47.849998;46.759998;47.099998;43.257084;17606800
17/04/2020;48.299999;48.299999;47.369999;48.060001;44.13876;19844600
20/04/2020;47.790001;48;46.310001;46.529999;42.733593;18957900
21/04/2020;45.880001;46.900002;44.259998;45.380001;41.677422;26863700
22/04/2020;46.049999;46.150002;45.5;45.68;41.952946;15811600
23/04/2020;45.950001;46.099998;44.970001;45.07;41.392712;17668200
24/04/2020;45.5;45.75;45.119999;45.43;41.723339;15175000
27/04/2020;46;46.98;45.709999;46.779999;42.963192;19175500
28/04/2020;47.900002;48;46.57;46.740002;42.926453;17246700
29/04/2020;47.27;47.860001;46.880001;47.119999;43.275455;15780000
30/04/2020;47;47;45.700001;45.889999;42.145813;20801100
1/05/2020;45.619999;46.389999;45.209999;45.599998;41.879471;14290400
4/05/2020;45.32;45.48;44.599998;45.139999;41.457001;22544200
5/05/2020;45.360001;46.099998;45.150002;45.400002;41.695797;13370500
6/05/2020;45.400002;45.630001;44.720001;44.75;41.098824;11892900
7/05/2020;45.150002;45.240002;44.5;44.599998;40.961063;16466000
8/05/2020;45.080002;46.220001;44.880001;46.110001;42.347862;13985100
11/05/2020;45.689999;46.110001;45.52;45.540001;41.824364;10874600
12/05/2020;45.599998;45.849998;44.799999;44.82;41.163113;13424400
13/05/2020;44.709999;44.779999;43.52;43.939999;40.354912;15854800
14/05/2020;43.380001;44.060001;43.23;43.700001;40.134495;18000800
15/05/2020;43.959999;44.689999;43.200001;43.259998;39.730396;31579400
18/05/2020;44.82;45.389999;44.130001;44.970001;41.300877;26118500
19/05/2020;45.009998;45.330002;44.25;44.540001;40.905956;17839900
20/05/2020;45.200001;46.169998;45.02;45.889999;42.145813;22295900
21/05/2020;46.080002;46.09;45.029999;45.169998;41.484554;13193500
22/05/2020;45.220001;45.310001;44.650002;45.029999;41.35598;13008400
26/05/2020;46.919998;46.93;45.93;46.09;42.329494;22223100
27/05/2020;47;47.09;46.169998;46.73;42.917274;18447600
28/05/2020;47.299999;47.459999;46.82;47.09;43.247902;16230600
29/05/2020;46.68;47.189999;46.139999;46.68;42.871357;51125000
1/06/2020;46.66;47.23;46.59;46.990002;43.156055;17010700
2/06/2020;47.16;47.279999;46.560001;46.900002;43.07341;15255100
3/06/2020;47.27;48.119999;47.119999;47.900002;43.991814;15508300
4/06/2020;47.939999;48.27;47.380001;47.919998;44.010181;13604700
5/06/2020;48.540001;49.490002;48.459999;49.09;45.084724;20504800
8/06/2020;49.540001;49.970001;49.470001;49.849998;45.782715;19896700
9/06/2020;49.59;49.59;48.68;49;45.00206;16713700
10/06/2020;49.16;49.27;48.57;48.619999;44.653065;15716600
11/06/2020;47.810001;47.919998;45.459999;45.540001;41.824364;26070400
12/06/2020;46.209999;46.25;45.009998;45.599998;42.259945;21822700
15/06/2020;44.57;46.450001;44.470001;46.299999;42.908672;15622300
16/06/2020;47.560001;47.689999;46.189999;46.77;43.344242;18803500
17/06/2020;46.779999;47.060001;46.439999;46.580002;43.168159;12602800
18/06/2020;46.299999;47.040001;46.07;46.990002;43.54813;9380800
19/06/2020;47.77;47.790001;46.02;46.02;42.649178;30464600
22/06/2020;46.029999;46.150002;45.380001;45.740002;42.38969;20876200
23/06/2020;46;46.290001;45.580002;45.639999;42.297012;14675300
24/06/2020;45.369999;45.439999;44.5;44.650002;41.379528;17631800
25/06/2020;44.470001;44.98;44.029999;44.93;41.639019;13829700
26/06/2020;44.919998;45.009998;43.509998;43.57;40.378632;21955100
29/06/2020;44;44.57;43.549999;44.360001;41.110764;17603900
30/06/2020;44.25;44.830002;44.040001;44.68;41.40733;23679800
1/07/2020;44.93;45.529999;44.709999;44.82;41.537075;14316500
2/07/2020;45.290001;45.43;44.799999;44.880001;41.592674;15111900
6/07/2020;45.139999;45.27;44.610001;45.23;41.917042;15146000
7/07/2020;45;45.5;44.799999;45.209999;41.898502;13043600
8/07/2020;45.139999;45.18;44.470001;45.07;41.768761;13851200
9/07/2020;45.049999;45.049999;43.830002;43.91;40.693737;16087100
10/07/2020;43.880001;45.25;43.860001;45.150002;41.842903;15627800
13/07/2020;45.529999;45.68;44.959999;45.25;41.935581;16705300
14/07/2020;44.91;45.939999;44.669998;45.869999;42.510166;17080100
15/07/2020;46.299999;47.189999;46.200001;46.400002;43.001343;23738000
16/07/2020;46.259998;46.689999;45.939999;46.150002;42.769653;13306100
17/07/2020;46.470001;46.91;46.130001;46.82;43.390579;13899800
20/07/2020;46.720001;46.830002;45.849998;46.119999;42.741856;16633200
21/07/2020;47.52;47.990002;46.93;47.200001;43.742744;25681500
22/07/2020;47.93;48.52;47.029999;48.48;44.928989;29831200
23/07/2020;48.470001;48.57;48.029999;48.279999;44.743637;15935000
24/07/2020;48.400002;48.799999;48.07;48.490002;44.938259;16196800
27/07/2020;48.18;48.509998;48.18;48.48;44.928989;17346500
28/07/2020;48.34;49.279999;48.099998;48.18;44.650963;13872700
29/07/2020;48.139999;48.5;47.82;48.02;44.502686;13758100
30/07/2020;47.669998;48.23;47.200001;47.689999;44.196854;17276500
31/07/2020;47.439999;47.77;46.73;47.240002;43.779819;14849200
3/08/2020;47.139999;47.360001;46.23;46.299999;42.908672;14137500
4/08/2020;46.290001;46.860001;46.220001;46.689999;43.2701;11717200
5/08/2020;46.900002;47.27;46.810001;47.220001;43.761276;10498700
6/08/2020;46.66;47.529999;46.599998;47.48;44.002243;10745000
7/08/2020;47.470001;48.080002;47.209999;47.799999;44.298794;11669700
10/08/2020;48.060001;48.279999;47.66;47.720001;44.224659;11888000
11/08/2020;48.459999;48.650002;47.700001;47.93;44.419285;16531600
12/08/2020;48.299999;48.689999;48.119999;48.43;44.882656;9562200
13/08/2020;48.259998;48.73;48.060001;48.380001;44.836319;9882900
14/08/2020;48.34;48.689999;48.029999;48.450001;44.901188;10075800
17/08/2020;48.32;48.75;48.200001;48.209999;44.678761;9102400
18/08/2020;48.200001;48.5;47.959999;48.419998;44.873383;9829000
19/08/2020;48.119999;48.380001;47.220001;47.369999;43.900291;17371000
20/08/2020;47.27;47.599998;47.09;47.349998;43.881752;11308700
21/08/2020;47.34;47.5;46.970001;47.279999;43.816883;14734100
24/08/2020;47.43;47.98;47.18;47.970001;44.456345;9257700
25/08/2020;48;48.049999;47.650002;47.91;44.400742;7827800
26/08/2020;47.759998;48.18;47.470001;48.16;44.632423;10124200
27/08/2020;48.25;48.82;48.200001;48.23;44.6973;10931600
28/08/2020;48.75;49.849998;48.529999;49.830002;46.180115;16420300
31/08/2020;49.799999;50.07;49.349998;49.529999;45.902084;18510800
1/09/2020;49.310001;49.349998;48.830002;49.119999;45.522114;12588400
2/09/2020;49.360001;51.360001;49.360001;51.189999;47.440487;26332600
3/09/2020;51.400002;52.139999;50.099998;50.48;46.78249;22289400
4/09/2020;50.939999;51.470001;50.279999;51.040001;47.301476;21019500
8/09/2020;50.93;51.040001;49.360001;49.810001;46.161575;17776700
9/09/2020;49.599998;50.759998;49.549999;50.189999;46.513737;15252300
10/09/2020;50.349998;50.68;49.950001;50;46.337658;15439500
11/09/2020;50.400002;51.200001;50.099998;51.060001;47.320011;18272300
14/09/2020;50.970001;51.23;50.57;50.709999;47.376072;10911700
15/09/2020;51;51.380001;50.84;51.049999;47.69371;12838400
16/09/2020;50.950001;51.450001;50.740002;50.790001;47.450809;15353900
17/09/2020;50.220001;50.630001;49.939999;50.549999;47.226589;13287100
18/09/2020;50.75;51.16;50.209999;50.450001;47.13316;23816600
21/09/2020;49.75;50.02;48.610001;49.09;45.862572;17514800
22/09/2020;49.110001;50.040001;49.07;49.66;46.3951;13034600
23/09/2020;49.73;49.919998;48.169998;48.209999;45.040424;17121200
24/09/2020;48.209999;49.099998;47.560001;48.700001;45.498215;16788100
25/09/2020;48.200001;48.759998;47.98;48.720001;45.516899;12603400
28/09/2020;49.310001;49.709999;49.139999;49.279999;46.040085;11215700
29/09/2020;49.389999;49.560001;48.91;48.919998;45.703747;12426600
30/09/2020;49.27;49.619999;48.889999;49.369999;46.124165;15755900
1/10/2020;49.439999;49.66;48.59;49.18;45.946659;17577300
2/10/2020;48.759998;49.580002;48.549999;49.360001;46.114826;13610100
5/10/2020;49.43;49.549999;49.119999;49.380001;46.133514;10628700
6/10/2020;49.549999;49.73;48.830002;48.939999;45.722439;10077400
7/10/2020;49.02;49.759998;48.950001;49.560001;46.301674;10135600
8/10/2020;49.709999;50.540001;49.540001;50.459999;47.142502;12143900
9/10/2020;50.669998;51.23;50.599998;50.810001;47.469498;11407800
12/10/2020;50.84;51.529999;50.830002;51.09;47.731079;11386500
13/10/2020;50.990002;50.990002;49.900002;50.220001;46.918285;14365300
14/10/2020;50.049999;50.490002;49.650002;50.119999;46.82486;10582100
15/10/2020;49.400002;50.130001;49.299999;49.990002;46.703415;9961700
16/10/2020;49.990002;50.349998;49.869999;50.029999;46.74078;13569800
19/10/2020;50.029999;50.48;49.459999;49.619999;46.357735;9930400
20/10/2020;49.889999;50.619999;49.790001;50.25;46.946312;10970700
21/10/2020;49.959999;50.43;49.77;49.990002;46.703415;12517400
22/10/2020;51.169998;51.200001;50.380001;50.68;47.348038;20189200
23/10/2020;51;51.18;50.470001;50.52;47.198559;13491300
26/10/2020;50.34;50.509998;49.200001;49.799999;46.525894;14696400
27/10/2020;49.810001;50.290001;49.549999;49.900002;46.61932;13892100
28/10/2020;49;49.150002;47.779999;47.959999;44.80687;19886200
29/10/2020;47.73;48.48;47.299999;48.02;44.862923;15369900
30/10/2020;47.810001;48.119999;47.369999;48.060001;44.900295;15804000
2/11/2020;48.75;48.950001;48.240002;48.619999;45.423477;15156100
3/11/2020;49.220001;49.959999;49;49.349998;46.10548;15285100
4/11/2020;49.43;50.209999;49.080002;49.169998;45.937317;12930800
5/11/2020;49.759998;50.209999;49.34;49.439999;46.189568;12452400
6/11/2020;49.650002;49.990002;49.25;49.450001;46.198906;9294900
9/11/2020;52.5;53.259998;52.07;52.57;49.113789;33442000
10/11/2020;52.57;54.279999;52.450001;53.98;50.431076;29706700
11/11/2020;53.93;54.299999;53.330002;53.580002;50.057381;17399900
12/11/2020;53.049999;53.209999;52.610001;53.009998;49.524853;15024400
13/11/2020;53.25;53.5;52.889999;53.450001;49.935928;12447900
16/11/2020;54.5;54.619999;53.279999;53.849998;50.309631;14908200
17/11/2020;53.66;53.75;53.029999;53.68;50.15081;14248400
18/11/2020;53.75;54.02;52.560001;52.610001;49.151154;15278200
19/11/2020;52.490002;53.23;51.950001;53.130001;49.636963;17189500
20/11/2020;53.189999;53.25;52.59;52.669998;49.207211;15645600
23/11/2020;52.950001;53.169998;52.200001;52.68;49.216549;13191900
24/11/2020;53.139999;53.59;53.02;53.220001;49.721054;13827600
25/11/2020;53.07;53.279999;52.790001;52.93;49.450111;10194800
27/11/2020;53.110001;53.189999;52.610001;52.700001;49.235241;8499300
30/11/2020;52.09;52.189999;51.080002;51.599998;48.585545;43203600
1/12/2020;52.139999;52.330002;51.790001;52.040001;48.99984;18968800
2/12/2020;51.900002;52.130001;51.639999;52.110001;49.065754;14913100
3/12/2020;51.900002;52.939999;51.900002;52.779999;49.696609;17318900
4/12/2020;52.779999;53.869999;52.759998;53.849998;50.704102;18122400
7/12/2020;53.759998;53.779999;52.700001;52.990002;49.894344;16210900
8/12/2020;52.939999;53.48;52.790001;53.18;50.073246;12485800
9/12/2020;53.369999;53.599998;53;53.330002;50.214481;11508400
10/12/2020;53.400002;53.509998;52.98;53.049999;49.950832;12097300
11/12/2020;52.799999;53.540001;52.779999;53.349998;50.233311;10638100
14/12/2020;53.650002;53.84;53.18;53.27;50.157982;22292000
15/12/2020;53.790001;54.220001;53.599998;53.84;50.694679;16193700
16/12/2020;53.599998;53.799999;52.939999;53.060001;49.960247;15679600
17/12/2020;53.299999;53.709999;53.150002;53.27;50.157982;12677300
18/12/2020;53.080002;53.84;52.619999;53.740002;50.600529;35480100
21/12/2020;52.68;53;51.98;52.810001;49.724854;14926600
22/12/2020;52.810001;53.18;52.389999;52.759998;49.677773;9689500
23/12/2020;52.950001;53.389999;52.939999;53.080002;49.979088;7040300
24/12/2020;53.02;53.549999;53.02;53.439999;50.318054;3265500
28/12/2020;53.849998;54.439999;53.73;54.16;50.995995;9020500
29/12/2020;54.450001;54.490002;54.02;54.130001;50.967743;8320600
30/12/2020;54.049999;54.630001;54.029999;54.439999;51.259628;8142700
31/12/2020;54.450001;54.93;54.27;54.84;51.636272;8495000
4/01/2021;54.27;54.630001;52.029999;52.759998;49.677773;25611100
5/01/2021;52.330002;52.619999;52.029999;52.18;49.131664;20323800
6/01/2021;51.970001;52.02;50.189999;50.52;47.568638;38724500
7/01/2021;50.09;50.259998;49.52;49.959999;47.041351;53225700
8/01/2021;50.029999;51.130001;49.84;51.080002;48.095928;29674000
11/01/2021;50.619999;50.860001;49.950001;50.200001;47.267338;19304400
12/01/2021;50.040001;50.369999;49.759998;50.110001;47.18259;18538700
13/01/2021;49.98;50.360001;49.950001;50.16;47.229671;18864100
14/01/2021;50.16;50.18;49.220001;49.23;46.354;34303600
15/01/2021;49.16;49.18;48.529999;48.700001;45.854965;24366800
19/01/2021;48.740002;49.040001;48.240002;48.509998;45.67606;29114500
20/01/2021;48.540001;48.82;48.310001;48.68;45.836128;23115800
21/01/2021;48.779999;49.09;48.459999;48.950001;46.090359;19702500
22/01/2021;48.810001;48.939999;48.490002;48.490002;45.657234;15400300
25/01/2021;48.419998;48.84;48.240002;48.779999;45.930286;16604200
26/01/2021;48.91;49.400002;48.610001;49.290001;46.410496;12922600
27/01/2021;48.889999;49.32;48.23;48.529999;45.694893;21242400
28/01/2021;48.689999;49.5;48.610001;49.150002;46.278675;17498900
29/01/2021;49.029999;49.119999;48.110001;48.150002;45.337097;18670300
1/02/2021;48.27;48.689999;48.18;48.48;45.647816;12183600
2/02/2021;48.799999;49.349998;48.630001;48.959999;46.099773;13319800
3/02/2021;48.950001;49.09;48.669998;48.77;45.920879;12274100
4/02/2021;48.959999;49.07;48.650002;49.009998;46.146851;20597400
5/02/2021;49.5;49.779999;49.27;49.650002;46.749466;12742000
8/02/2021;49.959999;50.169998;49.490002;49.919998;47.003693;17833200
9/02/2021;49.849998;50.02;49.630001;49.700001;46.796539;14592900
10/02/2021;50.41;50.580002;49.529999;49.599998;46.702385;22965400
11/02/2021;49.810001;50.59;49.799999;50.299999;47.361492;21928600
12/02/2021;50.57;50.849998;50.389999;50.689999;47.728706;13137100
16/02/2021;50.619999;50.720001;50.16;50.27;47.333248;15093400
17/02/2021;50;50.490002;49.889999;50.130001;47.201427;12794300
18/02/2021;50.16;50.849998;50.029999;50.77;47.804039;12747100
19/02/2021;50.790001;50.830002;49.970001;50.110001;47.18259;15968800
22/02/2021;49.849998;50.880001;49.669998;50.630001;47.672218;14370900
23/02/2021;51;51.509998;50.419998;50.540001;47.587467;16222300
24/02/2021;50.389999;50.900002;50.130001;50.709999;47.74754;14442000
25/02/2021;50.470001;50.75;49.98;50.169998;47.239082;14211100
26/02/2021;50.200001;50.209999;48.970001;48.990002;46.128021;23638400
1/03/2021;49.439999;50.439999;49.400002;49.900002;46.984859;13901200
2/03/2021;49.84;50.560001;49.700001;50.099998;47.173176;11755100
3/03/2021;49.720001;50.560001;49.709999;49.98;47.060184;15410700
4/03/2021;50.310001;51.09;49.619999;49.939999;47.022514;22036400
5/03/2021;50.049999;50.950001;49.900002;50.790001;47.822868;21310800
8/03/2021;51.470001;52.490002;51.16;51.639999;48.623207;25084900
9/03/2021;51.720001;51.880001;50.82;50.860001;47.888775;23082700
10/03/2021;51.18;51.630001;50.720001;51.439999;48.434891;21331600
11/03/2021;51.41;51.43;50.810001;50.880001;47.907612;17417700
12/03/2021;50.59;50.68;50.200001;50.360001;47.812664;17598600
15/03/2021;50.5;51.119999;50.470001;51.029999;48.448772;13411900
16/03/2021;51.200001;51.52;51.040001;51.220001;48.629166;14214200
17/03/2021;51.25;51.619999;51.150002;51.240002;48.648159;17502700
18/03/2021;51.060001;51.189999;50.490002;50.57;48.012039;18007300
19/03/2021;50.459999;51.080002;50.169998;50.810001;48.23991;67845700
22/03/2021;50.32;51.080002;50.32;51;48.420296;17911400
23/03/2021;50.990002;51.650002;50.830002;51.389999;48.790565;16936700
24/03/2021;51.169998;51.889999;51.150002;51.52;48.91399;14997400
25/03/2021;51.700001;52.060001;51.169998;52.02;49.388695;17091900
26/03/2021;52.139999;53.110001;51.759998;53.040001;50.357109;17126700
29/03/2021;52.73;53.939999;52.709999;53.849998;51.126129;17514100
30/03/2021;53.75;53.790001;52.93;53.150002;50.46154;14871800
31/03/2021;53.029999;53.169998;52.5;52.709999;50.043793;15826500
1/04/2021;52.959999;53.150002;52.459999;52.509998;49.853912;15834700
5/04/2021;52.349998;53.220001;52.290001;52.810001;50.138737;16368700
6/04/2021;53.040001;53.650002;52.900002;53.189999;50.499516;15614300
7/04/2021;53.279999;53.5;53.119999;53.279999;50.584961;10062700
8/04/2021;53.169998;53.380001;52.970001;53.119999;50.433056;9695600
9/04/2021;53.169998;53.279999;52.810001;53.18;50.490021;10828200
12/04/2021;53.330002;53.549999;53.099998;53.349998;50.651424;8565300
13/04/2021;53.040001;53.290001;52.810001;53.09;50.404579;11071700
14/04/2021;52.98;53.189999;52.650002;53.080002;50.395084;9787600
15/04/2021;53.130001;53.66;53.119999;53.330002;50.632435;13078100
16/04/2021;53.740002;53.799999;53.380001;53.68;50.964729;17974100
19/04/2021;54;54.360001;53.299999;54;51.268547;19352900
20/04/2021;53.84;54.59;53.810001;54.169998;51.429947;14419200
21/04/2021;54.240002;54.740002;54.240002;54.610001;51.847691;13866500
22/04/2021;54.470001;54.869999;54.32;54.439999;51.686287;12558900
23/04/2021;54.400002;54.59;54.169998;54.470001;51.714771;9020500
26/04/2021;54.470001;54.509998;53.580002;53.66;50.945744;11684600
27/04/2021;53.560001;53.700001;53.32;53.580002;50.869793;9852400
28/04/2021;53.98;54.049999;53.439999;53.59;50.879288;10868100
29/04/2021;53.540001;54.360001;53.43;54.259998;51.515388;15391000
30/04/2021;54.25;54.27;53.689999;53.98;51.249557;14912600
3/05/2021;54.27;54.799999;54.16;54.48;51.724262;10417900
4/05/2021;54.57;54.619999;53.939999;54.139999;51.401466;14151000
5/05/2021;54.139999;54.240002;53.709999;54;51.268547;9665900
6/05/2021;54.119999;54.610001;54.049999;54.540001;51.781231;11572700
7/05/2021;54.439999;54.77;54.16;54.509998;51.752747;10637500
10/05/2021;54.880001;55.5;54.830002;54.91;52.132515;15545800
11/05/2021;55.029999;55.139999;54.049999;54.32;51.572357;12986700
12/05/2021;54.360001;54.560001;53.880001;54.040001;51.306522;15836500
13/05/2021;53.970001;54.779999;53.830002;54.509998;51.752747;15475800
14/05/2021;54.900002;55.099998;54.689999;54.73;51.961617;11725300
17/05/2021;54.84;55.02;54.5;54.639999;51.876179;12119800
18/05/2021;54.389999;54.560001;54.099998;54.34;51.591347;13232500
19/05/2021;54.119999;54.18;53.610001;54.169998;51.429947;15126100
20/05/2021;54.119999;54.799999;54.119999;54.650002;51.885674;10948400
21/05/2021;54.799999;55.119999;54.220001;54.619999;51.857185;16033200
24/05/2021;54.630001;54.93;54.490002;54.799999;52.02808;10326100
25/05/2021;54.82;54.82;54.349998;54.790001;52.018589;11916500
26/05/2021;54.98;55.049999;54.59;55.029999;52.246441;16064300
27/05/2021;55.209999;55.57;54.779999;55.490002;52.683178;59109600
28/05/2021;55.349998;55.709999;55.200001;55.290001;52.493294;17011600
1/06/2021;55.34;55.650002;55.099998;55.279999;52.483799;13304000
2/06/2021;55.5;55.560001;55.259998;55.5;52.692673;11328500
3/06/2021;55.18;55.740002;55.099998;55.639999;52.825588;17364300
4/06/2021;55.900002;56.48;55.779999;56.240002;53.395245;18935100
7/06/2021;56.310001;56.34;55.810001;56.040001;53.20536;14010800
8/06/2021;56.25;56.25;55.549999;55.650002;52.835087;10968300
9/06/2021;55.75;55.919998;55.48;55.48;52.673687;9838800
10/06/2021;55.91;56.119999;55.759998;55.91;53.081932;12444400
11/06/2021;55.990002;56.209999;55.66;56.16;53.319294;11825800
14/06/2021;55.689999;55.709999;55.200001;55.549999;53.137547;9710800
15/06/2021;55.779999;55.790001;55.189999;55.41;53.003616;11154200
16/06/2021;55.439999;55.459999;54.639999;54.669998;52.295753;15211700
17/06/2021;54.669998;55.150002;54.650002;54.950001;52.563599;10658400
18/06/2021;54.509998;54.619999;53.720001;53.77;51.434841;31445600
21/06/2021;54.220001;54.43;54;54.360001;51.999222;14404300
22/06/2021;54.34;54.849998;54.259998;54.560001;52.190536;13072800
23/06/2021;54.560001;54.599998;54.110001;54.119999;51.769642;12339200
24/06/2021;54.259998;54.419998;54;54.389999;52.027916;11488400
25/06/2021;54.240002;54.470001;54.009998;54.32;51.960957;18880300
28/06/2021;54.25;54.369999;54;54.259998;51.903561;10556900
29/06/2021;54.130001;54.34;53.720001;53.860001;51.520939;12300900
30/06/2021;53.799999;54.18;53.75;54.110001;51.760078;14614200
1/07/2021;54.34;54.48;53.860001;53.959999;51.616592;13214700
2/07/2021;54;54.450001;54;54.18;51.827038;10604600
6/07/2021;53.990002;54.09;53.549999;53.880001;51.540066;15278200
7/07/2021;53.720001;54.380001;53.720001;54.32;51.960957;14377700
8/07/2021;54.009998;54.169998;53.740002;54.130001;51.779209;11943900
9/07/2021;54.25;54.52;54.18;54.459999;52.094879;10847000
12/07/2021;54.32;54.599998;54.27;54.48;52.114006;15107600
13/07/2021;54.950001;55.299999;54.75;55.02;52.630558;15170800
14/07/2021;55.02;56.349998;54.959999;56.259998;53.816704;22002700
15/07/2021;56.240002;56.470001;55.91;56.439999;53.988888;15068200
16/07/2021;56.459999;56.68;56.259998;56.400002;53.950626;14860500
19/07/2021;56.080002;56.349998;55.16;55.73;53.309723;19527000
20/07/2021;55.73;56.330002;55.52;55.830002;53.40538;16257900
21/07/2021;57.330002;57.560001;56.43;56.549999;54.094112;20918200
22/07/2021;56.619999;56.740002;56.049999;56.470001;54.017586;13402700
23/07/2021;56.59;57.330002;56.450001;57.009998;54.53413;12144000
26/07/2021;56.889999;57.119999;56.560001;57.060001;54.581959;8681100
27/07/2021;57.110001;57.540001;56.919998;57.259998;54.773277;12794400
28/07/2021;56.990002;57.16;56.630001;56.740002;54.275864;9858000
29/07/2021;57.07;57.25;56.860001;57.049999;54.572395;9599100
30/07/2021;57.150002;57.25;56.900002;57.029999;54.553261;11727000
2/08/2021;57.200001;57.240002;56.709999;56.880001;54.409782;9778000
3/08/2021;57;57;56.75;56.919998;54.44804;8825500
4/08/2021;56.75;56.950001;56.009998;56.099998;53.663654;11888400
5/08/2021;56.439999;56.59;56.290001;56.5;54.046284;9806800
6/08/2021;56.599998;56.740002;56.439999;56.639999;54.180202;10409300
9/08/2021;56.799999;56.880001;56.43;56.650002;54.189774;8859900
10/08/2021;56.84;57.169998;56.66;56.799999;54.333256;10906900
11/08/2021;56.889999;57.18;56.709999;56.73;54.266296;8370700
12/08/2021;56.73;56.98;56.73;56.84;54.371517;6169200
13/08/2021;56.810001;57.299999;56.77;57.23;54.744579;7714200
16/08/2021;57.200001;57.490002;57.029999;57.48;54.983723;7972000
17/08/2021;57.459999;57.560001;57.009998;57.279999;54.792404;10346400
18/08/2021;57.189999;57.23;56.419998;56.5;54.046284;13873700
19/08/2021;56.060001;56.98;55.950001;56.860001;54.390644;9223700
20/08/2021;56.84;57.029999;56.580002;56.639999;54.180202;10543600
23/08/2021;56.669998;56.75;56.380001;56.439999;53.988888;8912800
24/08/2021;56.639999;56.639999;55.900002;56.009998;53.57756;12067200
25/08/2021;56.060001;56.169998;55.73;56.07;53.634956;11270700
26/08/2021;55.950001;55.98;55.509998;55.540001;53.127975;10331500
27/08/2021;55.66;55.790001;55.450001;55.650002;53.233204;8844100
30/08/2021;55.689999;56.200001;55.639999;56.18;53.740181;10034700
31/08/2021;56.16;56.52;56;56.310001;53.864532;14185700
1/09/2021;56.380001;56.799999;56.279999;56.689999;54.228027;9518900
2/09/2021;56.77;57.029999;56.41;56.77;54.304558;11653200
3/09/2021;56.459999;56.77;56.25;56.73;54.266296;13220400
7/09/2021;56.599998;56.689999;55.509998;55.669998;53.252327;20035300
8/09/2021;55.610001;56.48;55.610001;56.419998;53.969757;12040100
9/09/2021;56.18;56.419998;55.799999;55.860001;53.434078;12545400
10/09/2021;56.009998;56.130001;55.52;55.610001;53.194935;10573700
13/09/2021;55.740002;56.400002;55.740002;56.07;53.634956;20274300
14/09/2021;55.919998;55.98;55.549999;55.689999;53.673512;13918900
15/09/2021;55.68;56;55.419998;55.880001;53.856628;15746000
16/09/2021;55.720001;55.990002;54.82;55.349998;53.345818;17430400
17/09/2021;55.02;55.189999;54.369999;54.439999;52.468765;33370200
20/09/2021;54.110001;54.400002;53.73;54.060001;52.102531;27542500
21/09/2021;54.389999;54.82;53.939999;54.049999;52.092892;16418200
22/09/2021;54.509998;54.560001;54.060001;54.130001;52.169994;12719700
23/09/2021;54.259998;54.619999;54;54.040001;52.08326;13836200
24/09/2021;54;54.240002;53.860001;53.889999;51.938683;9682200
27/09/2021;53.849998;54.25;53.57;53.610001;51.668823;12429500
28/09/2021;53.459999;53.459999;52.43;52.639999;50.733948;19926100
29/09/2021;52.639999;53.16;52.560001;52.959999;51.042358;13941500
30/09/2021;53.169998;53.330002;52.43;52.470001;50.570103;17672000
1/10/2021;52.779999;53.200001;52.57;53.02;51.100189;16277400
4/10/2021;53.060001;53.529999;52.400002;52.990002;51.071274;18973400
5/10/2021;53.02;53.470001;52.93;53.080002;51.158016;17173100
6/10/2021;52.77;53.77;52.509998;53.709999;51.765202;21284500
7/10/2021;53.990002;54.279999;53.810001;53.880001;51.92905;13774400
8/10/2021;54;54.389999;53.900002;54.119999;52.160358;13786800
11/10/2021;54.209999;54.389999;54.009998;54.23;52.266373;12378500
12/10/2021;54.419998;54.830002;54.220001;54.23;52.266373;19474400
13/10/2021;54.169998;54.43;53.790001;54.240002;52.276009;12143300
14/10/2021;54.389999;54.810001;54.310001;54.610001;52.632614;13704000
15/10/2021;54.639999;54.880001;54.290001;54.48;52.50732;17867000
18/10/2021;54.349998;54.389999;53.860001;53.939999;51.986874;15861800
19/10/2021;54.040001;54.200001;53.77;54.150002;52.189278;11068500
20/10/2021;54.18;54.759998;54.110001;54.630001;52.651897;12474800
21/10/2021;54.599998;54.669998;54.209999;54.349998;52.382027;14388300
22/10/2021;54.389999;54.529999;54.07;54.450001;52.478409;12828600
25/10/2021;54.380001;54.470001;54.02;54.23;52.266373;11855000
26/10/2021;54.32;54.580002;54.23;54.470001;52.497684;12086700
27/10/2021;55.970001;56.080002;55.27;55.52;53.509663;24019800
28/10/2021;55.75;56.110001;55.619999;56.040001;54.010841;15928000
29/10/2021;55.869999;56.470001;55.779999;56.369999;54.328884;24463700
1/11/2021;56.389999;56.400002;55.900002;56.169998;54.136124;11651100
2/11/2021;56.470001;56.5;55.970001;56.099998;54.068661;11498900
3/11/2021;56;56.330002;55.779999;56.290001;54.251781;10788300
4/11/2021;56.110001;56.630001;56.029999;56.599998;54.550564;10820200
5/11/2021;56.84;57.16;56.59;56.84;54.781864;12886700
8/11/2021;56.75;56.889999;56.130001;56.330002;54.290333;12828000
9/11/2021;56.41;56.52;56.09;56.490002;54.444546;10155800
10/11/2021;56.540001;56.919998;56.290001;56.720001;54.666218;8813600
11/11/2021;56.830002;56.880001;56.57;56.740002;54.685493;7257700
12/11/2021;56.75;56.990002;56.549999;56.610001;54.560196;10162500
15/11/2021;56.529999;56.68;56.27;56.619999;54.569832;10289200
16/11/2021;56.619999;56.939999;56.189999;56.220001;54.184322;13756500
17/11/2021;56.040001;56.049999;55.650002;55.91;53.885544;13288700
18/11/2021;55.830002;55.93;55.139999;55.41;53.403645;15380100
19/11/2021;55.439999;55.490002;54.900002;55.130001;53.133789;15813700
22/11/2021;55.099998;56.02;55.080002;55.470001;53.461475;16905600
23/11/2021;55.66;56.110001;55.5;55.880001;53.856628;13835900
24/11/2021;55.709999;55.84;55.029999;55.43;53.42292;12598900
26/11/2021;54.59;54.75;53.580002;53.73;51.784473;14754300
29/11/2021;54.049999;54.73;53.93;54.580002;52.603703;22712500
30/11/2021;53.599998;53.630001;52.439999;52.450001;50.942841;30485200
1/12/2021;52.98;53.52;52.279999;52.299999;50.79715;18719600
2/12/2021;52.599998;53.34;52.509998;53.07;51.545021;17074200
3/12/2021;53.330002;53.610001;52.98;53.540001;52.001518;21064400
6/12/2021;54.310001;55.25;54.139999;54.91;53.33215;26624100
7/12/2021;55.02;55.419998;54.849998;55.209999;53.623528;23832700
8/12/2021;55.119999;55.349998;54.360001;55;53.419567;18026300
9/12/2021;54.75;55.130001;54.59;54.860001;53.283592;13846400
10/12/2021;55.25;56.32;55.07;56.279999;54.662781;23153600
13/12/2021;56.98;57.93;56.959999;57.759998;56.10025;31362800
14/12/2021;57.400002;58.169998;57.400002;57.799999;56.139107;24806600
15/12/2021;57.93;58.25;57.650002;58.060001;56.391636;24923800
16/12/2021;57.98;58.880001;57.900002;58.650002;56.96468;24696900
17/12/2021;58.490002;58.919998;57.700001;57.73;56.071117;51874400
20/12/2021;57.200001;57.779999;57;57.540001;55.886581;20879500
21/12/2021;57.610001;57.970001;57.529999;57.77;56.10997;15864900
22/12/2021;57.709999;58.189999;57.490002;58.18;56.508186;12447400
23/12/2021;58.52;58.610001;57.939999;58.220001;56.547035;11027300
27/12/2021;58;58.689999;58;58.650002;56.96468;9860000
28/12/2021;58.400002;58.939999;58.299999;58.880001;57.188072;8979900
29/12/2021;58.950001;59.099998;58.66;58.950001;57.256058;9996000
30/12/2021;59.060001;59.23;58.759998;58.779999;57.090942;7703900
31/12/2021;58.75;59.349998;58.700001;59.209999;57.508587;10021300
3/01/2022;58.82;59.310001;58.380001;59.299999;57.596004;20187300
4/01/2022;59.73;60.540001;59.59;60.290001;58.557552;26141600
5/01/2022;60.09;61.200001;60.049999;60.790001;59.043186;22507300
6/01/2022;60.470001;61.119999;60.439999;60.470001;58.732384;17902300
7/01/2022;60.279999;60.720001;60.060001;60.330002;58.596409;12307900
10/01/2022;60.549999;60.82;60.18;60.43;58.693531;20954300
11/01/2022;60.43;60.490002;59.84;60.450001;58.712959;19369600
12/01/2022;60.529999;60.689999;60.189999;60.540001;58.800365;15753800
13/01/2022;60.540001;61.040001;60.389999;60.900002;59.150024;14318000
14/01/2022;60.939999;61.450001;60.360001;61.389999;59.625946;19729600
18/01/2022;61.060001;61.189999;60.450001;60.900002;59.150024;21976700
19/01/2022;60.66;61.18;60.560001;61;59.24715;18654700
20/01/2022;61;61.439999;60.720001;60.75;59.004337;23002400
21/01/2022;61.080002;61.299999;60.400002;60.450001;58.712959;26643200
24/01/2022;59.900002;60.349998;58.57;59.959999;58.237034;30185100
25/01/2022;59.360001;60.049999;58.689999;59.82;58.101063;19027100
26/01/2022;59.790001;60.349998;59.209999;59.599998;57.887383;19190200
27/01/2022;59.880001;60.93;59.5;59.650002;57.935947;18893800
28/01/2022;59.389999;60.889999;58.939999;60.84;59.091755;19101500
31/01/2022;60.299999;61.139999;60.150002;61.009998;59.256863;22045300
1/02/2022;60.91;61.139999;60.16;60.560001;58.819798;20841700
2/02/2022;60.619999;61.27;60.560001;61.18;59.421982;20225600
3/02/2022;60.939999;61.779999;60.59;61.610001;59.839622;19440500
4/02/2022;61.490002;61.68;60.57;60.959999;59.208302;17403700
7/02/2022;61.380001;61.720001;60.860001;61.599998;59.82991;17846400
8/02/2022;61.830002;62.330002;61.740002;62;60.218422;18771700
9/02/2022;62.169998;62.32;60.900002;61.040001;59.286007;23595600
10/02/2022;60.360001;62.299999;60.200001;61.380001;59.616238;23561500
11/02/2022;61.77;61.98;60.150002;60.290001;58.557552;22781400
14/02/2022;60.16;60.790001;59.279999;60.68;58.936352;23641300
15/02/2022;60.959999;61.779999;60.630001;60.91;59.15974;13408700
16/02/2022;60.860001;61.400002;60.560001;60.900002;59.150024;15484700
17/02/2022;60.549999;62.279999;60.41;62.119999;60.334969;21468700
18/02/2022;62.119999;62.82;61.990002;62.540001;60.742897;21975000
22/02/2022;62.43;62.639999;61.720001;62.279999;60.490372;21731400
23/02/2022;62.240002;62.330002;61.34;61.59;59.820198;19248500
24/02/2022;59.970001;60.619999;59.220001;60.509998;58.771233;27207400
25/02/2022;60.939999;62.900002;60.919998;62.849998;61.043987;21487800
28/02/2022;61.650002;62.34;61.41;62.240002;60.451523;25879100
1/03/2022;62.139999;62.75;61.509998;61.970001;60.189285;15871100
2/03/2022;62.23;62.880001;61.779999;62.43;60.636066;17319100
3/03/2022;62.610001;63.02;62.290001;62.470001;60.674915;21262800
4/03/2022;61.459999;62.59;61.200001;62.57;60.772038;17163000
7/03/2022;62.009998;62.07;60.720001;61.080002;59.324856;29151400
8/03/2022;61.450001;61.540001;58.59;58.66;56.974396;30242100
9/03/2022;59.82;59.84;58.66;58.959999;57.265774;23022700
10/03/2022;58.48;58.66;57.5;57.880001;56.216808;20887300
11/03/2022;57.959999;58.849998;57.860001;57.919998;56.255653;19855600
14/03/2022;57.970001;59.040001;57.970001;58.540001;57.293079;17799400
15/03/2022;59.080002;59.889999;58.98;59.619999;58.350071;18607200
16/03/2022;59.779999;59.939999;58.610001;59.459999;58.193481;17347300
17/03/2022;59.459999;60.139999;59.23;60.09;58.810062;15586200
18/03/2022;60.299999;60.299999;59.709999;60.099998;58.819851;30197800
21/03/2022;60.5;61.099998;60.25;60.580002;59.289631;17440100
22/03/2022;60.93;60.950001;60.060001;60.799999;59.504936;17559500
23/03/2022;60.75;60.98;60;60.400002;59.113464;15529200
24/03/2022;60.639999;61.02;60.459999;60.98;59.681103;13151300
25/03/2022;61.119999;61.610001;61.049999;61.529999;60.219391;12259800
28/03/2022;61.529999;61.939999;61.209999;61.919998;60.601082;11485200
29/03/2022;62.209999;62.529999;61.740002;62.16;60.835972;14720600
30/03/2022;62.009998;62.209999;61.560001;62.209999;60.884903;13641000
31/03/2022;62.220001;62.639999;62;62;60.679379;16822900
1/04/2022;62.330002;62.950001;62.09;62.869999;61.530846;12644900
4/04/2022;62.599998;62.790001;61.720001;62.540001;61.207878;11505800
5/04/2022;62.400002;63.240002;62.369999;62.470001;61.139366;15721200
6/04/2022;62.77;63.259998;62.299999;63.099998;61.755947;19267400
7/04/2022;63.130001;63.669998;62.709999;63.439999;62.088703;13960800
8/04/2022;63.48;64.040001;63.16;63.830002;62.470402;12703500
11/04/2022;63.91;64.300003;63.639999;63.810001;62.450829;12720100
12/04/2022;64.379997;64.809998;63.889999;64.559998;63.184849;18089900
13/04/2022;64.440002;64.870003;64.230003;64.730003;63.351234;11883000
14/04/2022;64.959999;65.57;64.82;65.019997;63.635052;16388400
18/04/2022;64.769997;65.18;64.18;64.440002;63.06741;11679400
19/04/2022;64.5;65.25;64.440002;65.07;63.68399;11993800
20/04/2022;65.440002;66.239998;65.400002;65.959999;64.555023;14827100
21/04/2022;65.980003;67;65.720001;66.209999;64.799706;15120400
22/04/2022;66.080002;66.339996;65.18;65.25;63.860153;14902200
25/04/2022;67;67.199997;64.779999;65.940002;64.535461;25082000
26/04/2022;65.519997;66.370003;65.040001;65.050003;63.66441;21982600
27/04/2022;65;66.279999;65;65.559998;64.163551;16971000
28/04/2022;64.660004;66.279999;64.5;66.190002;64.780136;22010600
29/04/2022;65.870003;66.029999;64.489998;64.610001;63.233784;20137100
2/05/2022;65.279999;65.309998;62.580002;63.439999;62.088703;24970300
3/05/2022;63.720001;63.939999;62.669998;63.080002;61.736374;21686300
4/05/2022;63;65.120003;62.939999;65.029999;63.644836;19780200
5/05/2022;64.690002;65.029999;64.010002;64.510002;63.135918;20155200
6/05/2022;64.199997;65.309998;64.07;64.739998;63.361012;18984000
9/05/2022;64.470001;65.360001;64.040001;64.610001;63.233784;20055300
10/05/2022;64.5;65.32;63.849998;64.010002;62.646568;21322200
11/05/2022;64.330002;65.199997;63.959999;64.309998;62.940174;19648400
12/05/2022;64.160004;64.529999;63.209999;64.510002;63.135918;22574700
13/05/2022;64.809998;65.800003;64.120003;65.720001;64.320145;16167000
16/05/2022;65.440002;66.379997;65.440002;65.959999;64.555023;13223200
17/05/2022;66.099998;66.099998;65.010002;65.779999;64.37886;21300600
18/05/2022;65.419998;65.519997;60.959999;61.200001;59.89642;31437300
19/05/2022;60.959999;60.959999;59.66;60;58.721977;31493900
20/05/2022;60.490002;61.240002;59.66;60.98;59.681103;29133800
23/05/2022;61.650002;63.099998;61.59;62.860001;61.521065;19406900
24/05/2022;62.880001;64.190002;62.75;64.019997;62.656345;16154200
25/05/2022;64;64.470001;63.599998;64.07;62.705288;15360500
26/05/2022;64.07;65.099998;63.959999;64.300003;62.930389;16159800
27/05/2022;64.260002;64.830002;64.139999;64.68;63.302296;17709000
31/05/2022;64.080002;64.32;63.049999;63.380001;62.029987;43159000
1/06/2022;63.419998;63.68;62.130001;63.07;61.726585;15408300
2/06/2022;63.18;63.740002;62.110001;63.73;62.372528;14586000
3/06/2022;63.57;63.630001;62.810001;62.970001;61.628719;13539900
6/06/2022;63.330002;63.77;62.66;62.869999;61.530846;15112800
7/06/2022;62.380001;63.369999;62.220001;63.25;61.902756;17886300
8/06/2022;62.990002;63.209999;62.560001;62.889999;61.550419;10211500
9/06/2022;62.869999;63.349998;61.779999;61.799999;60.483635;13382200
10/06/2022;61.009998;61.889999;60.459999;61.41;60.101944;14967600
13/06/2022;60.75;62.290001;60.669998;61.34;60.03344;23064200
14/06/2022;60.73;60.889999;58.66;59.23;58.387199;24620000
15/06/2022;60;60.639999;58.970001;59.669998;58.820938;19684700
16/06/2022;58.639999;59.52;58.25;59.07;58.229477;15053800
17/06/2022;59.700001;60.130001;59.130001;59.43;58.584354;34781900
21/06/2022;59.490002;60.880001;59.009998;60.700001;59.836285;17705000
22/06/2022;60.599998;61.450001;60.32;61.150002;60.279881;15207100
23/06/2022;61.299999;61.91;61.23;61.880001;60.999493;17190900
24/06/2022;62.110001;63.060001;62.110001;63.040001;62.142986;18147100
27/06/2022;62.98;63.290001;62.630001;62.91;62.014835;12142100
28/06/2022;63.080002;63.759998;62.110001;62.279999;61.393799;13150100
29/06/2022;62.540001;63.110001;62.43;62.73;61.837399;11795500
30/06/2022;62.32;63.110001;62.16;62.91;62.014835;15514200
1/07/2022;63.119999;64.449997;62.82;64.379997;63.463913;15143200
5/07/2022;64.18;64.18;62.419998;63.279999;62.37957;15921200
6/07/2022;63.599998;64.089996;63.189999;63.41;62.507721;13450500
7/07/2022;63.259998;63.580002;62.700001;62.91;62.014835;14828400
8/07/2022;63.029999;63.419998;62.880001;63.139999;62.241562;11311500
11/07/2022;62.990002;63.459999;62.59;62.939999;62.044407;12702100
12/07/2022;63;63.450001;62.470001;62.669998;61.778248;14731100
13/07/2022;62.330002;63;61.98;62.380001;61.492378;13145300
14/07/2022;61.330002;62.25;61.299999;62.18;61.295223;14433000
15/07/2022;62.75;62.970001;62.07;62.5;61.610668;21968400
18/07/2022;62.52;62.560001;61.509998;61.650002;60.772766;10780800
19/07/2022;62.09;62.650002;61.93;62.529999;61.640244;10998200
20/07/2022;62.400002;62.580002;61.150002;61.5;60.624897;11010500
21/07/2022;61.259998;61.880001;60.790001;61.360001;60.486893;11959600
22/07/2022;61.380001;61.869999;61.32;61.59;60.713619;11644700
25/07/2022;61.549999;62.299999;61.310001;62.189999;61.305077;14941700
26/07/2022;62.75;63.799999;62.529999;63.209999;62.310566;20118000
27/07/2022;62.880001;63.189999;61.790001;63.009998;62.113411;12142900
28/07/2022;62.919998;64.25;62.889999;64.059998;63.148468;10837000
29/07/2022;63.709999;64.290001;63.630001;64.169998;63.256905;13734200
1/08/2022;64.089996;65.040001;64.029999;64.519997;63.601925;12831500
2/08/2022;64.589996;64.599998;63.43;63.639999;62.734447;15241900
3/08/2022;63.549999;64.099998;63.310001;63.919998;63.010464;11317000
4/08/2022;63.639999;63.73;62.919998;63.669998;62.764019;11795600
5/08/2022;63.630001;63.630001;62.669998;63.380001;62.478149;10445400
8/08/2022;63.5;63.810001;62.75;62.970001;62.073982;9165200
9/08/2022;63.18;63.310001;62.849998;63.049999;62.152843;7910900
10/08/2022;63.630001;63.790001;63.099998;63.650002;62.744308;8857300
11/08/2022;63.689999;63.990002;63.080002;63.220001;62.320427;8507800
12/08/2022;63.43;63.759998;63.09;63.700001;62.793594;9489300
15/08/2022;63.639999;64.690002;63.57;64.5;63.582211;9863300
16/08/2022;64.57;65.230003;64.330002;65.029999;64.104668;9569600
17/08/2022;64.830002;65.220001;64.760002;64.879997;63.956799;8144000
18/08/2022;64.959999;65.349998;64.709999;65.220001;64.291962;6532000
19/08/2022;65.209999;65.470001;64.959999;65.169998;64.242676;8921100
22/08/2022;64.839996;64.919998;63.990002;64.199997;63.286476;9087900
23/08/2022;63.82;64.370003;63.68;64.269997;63.35548;8443800
24/08/2022;64.239998;64.580002;64.050003;64.360001;63.444202;6844700
25/08/2022;64.360001;64.709999;63.900002;64.669998;63.74979;7913900
26/08/2022;64.730003;64.800003;62.98;63.110001;62.21199;10089500
29/08/2022;62.689999;63.029999;62.41;62.73;61.837399;9115900
30/08/2022;62.91;62.91;61.990002;62.150002;61.265652;8456800
31/08/2022;62.380001;62.529999;61.700001;61.709999;60.831913;14633600
1/09/2022;61.580002;62.040001;61.290001;62;61.117783;14939700
2/09/2022;62.389999;62.77;60.900002;61.150002;60.279881;11809800
6/09/2022;61.290001;61.970001;60.990002;61.18;60.309452;12181800
7/09/2022;61.32;62.490002;61.32;62.310001;61.423374;13290700
8/09/2022;62.080002;62.299999;61.34;62.119999;61.236076;17193500
9/09/2022;62.169998;62.880001;61.860001;62.32;61.433228;11855900
12/09/2022;62.43;62.810001;62.27;62.5;61.610668;13026900
13/09/2022;62.200001;62.220001;60.279999;60.470001;59.609558;18532800
14/09/2022;60.639999;61.080002;60.439999;60.790001;59.925003;12881600
15/09/2022;60.400002;60.400002;59.360001;59.529999;59.110775;11451900
16/09/2022;59.66;59.799999;59.110001;59.540001;59.120708;20493500
19/09/2022;59.389999;60.099998;59.23;59.990002;59.567539;12596200
20/09/2022;59.68;60.029999;59.32;59.900002;59.478172;11984600
21/09/2022;60.139999;60.700001;59.389999;59.400002;58.981693;14165300
22/09/2022;59.549999;59.73;59.200001;59.259998;58.842674;11657600
23/09/2022;58.959999;59.099998;58;58.599998;58.187325;14824000
26/09/2022;58.490002;58.57;57.689999;57.869999;57.462463;18670100
27/09/2022;58.080002;58.369999;56.310001;56.380001;55.98296;23829300
28/09/2022;56.66;57.25;55.91;56.98;56.578732;21480100
29/09/2022;57.09;57.290001;56;56.57;56.171619;14570700
30/09/2022;56.869999;57.130001;56;56.02;55.625496;16124600
3/10/2022;56.360001;56.849998;56.060001;56.650002;56.25106;16277600
4/10/2022;56.950001;57.810001;56.459999;56.779999;56.380142;18861400
5/10/2022;56.5;56.650002;55.509998;56.240002;55.843948;14324900
6/10/2022;56;56.099998;54.869999;55.029999;54.642464;17192800
7/10/2022;54.990002;55.09;54.25;54.509998;54.126125;11479800
10/10/2022;54.599998;54.959999;54.02;54.389999;54.006973;10239100
11/10/2022;54.459999;55.220001;54.240002;54.48;54.09634;14303900
12/10/2022;55.23;56.040001;55.040001;55.139999;54.75169;18377400
13/10/2022;54.48;56.080002;54.259998;55.869999;55.476551;16220700
14/10/2022;56.290001;56.470001;54.939999;54.98;54.592819;15997900
17/10/2022;55.630001;56.220001;55.57;55.689999;55.297817;13721400
18/10/2022;56.310001;56.779999;56.099998;56.439999;56.042534;11823100
19/10/2022;56.310001;56.540001;55.73;55.959999;55.565914;10182300
20/10/2022;55.77;55.919998;54.959999;55.080002;54.692116;16905100
21/10/2022;55;56.110001;54.990002;55.959999;55.565914;15034100
24/10/2022;56.639999;57.73;56.57;57.57;57.164577;17416700
25/10/2022;59.040001;59.110001;57.75;58.950001;58.534863;28829900
26/10/2022;59.009998;59.779999;58.860001;59.389999;58.97176;15831400
27/10/2022;59.77;59.84;59.380001;59.529999;59.110775;16026100
28/10/2022;59.57;60.91;59.470001;60.759998;60.332111;12888900
31/10/2022;60.509998;60.57;59.669998;59.849998;59.42852;14016400
1/11/2022;60.029999;60.290001;59.369999;59.639999;59.220001;10659500
2/11/2022;59.639999;60.23;58.77;58.810001;58.395847;14549200
3/11/2022;58.110001;59;58.099998;58.779999;58.366058;9194000
4/11/2022;59.299999;59.59;58.560001;59.259998;58.842674;9725900
7/11/2022;59.259998;59.77;59.240002;59.490002;59.07106;8849700
8/11/2022;59.75;59.790001;58.939999;59.599998;59.180283;10081600
9/11/2022;59.59;59.639999;58.75;58.77;58.356129;10115200
10/11/2022;60.25;61.040001;59.68;60.880001;60.451271;16804800
11/11/2022;61.369999;61.450001;60.209999;61.32;60.888168;18972100
14/11/2022;61.32;61.720001;60.709999;60.73;60.302326;16361000
15/11/2022;61.130001;61.450001;60;60.630001;60.20303;13295800
16/11/2022;60.790001;61.029999;60.290001;60.52;60.093803;14199500
17/11/2022;60.189999;60.740002;60.130001;60.709999;60.282467;11212600
18/11/2022;60.990002;61.369999;60.799999;61.139999;60.709438;10415600
21/11/2022;61.41;62.209999;61.200001;62.080002;61.642818;15399400
22/11/2022;62.470001;62.5;62.049999;62.349998;61.910915;12319600
23/11/2022;62.490002;62.790001;62.299999;62.630001;62.188946;8990400
25/11/2022;62.73;62.810001;62.380001;62.689999;62.24852;5165500
28/11/2022;62.689999;63.099998;62.560001;62.700001;62.258453;12267500
29/11/2022;62.52;62.57;61.98;62.48;62.040001;10969600
30/11/2022;62.009998;63.68;61.75;63.610001;63.610001;30428900
1/12/2022;63.610001;64.110001;63.43;63.790001;63.790001;12001400
2/12/2022;63.610001;64.519997;63.400002;64.349998;64.349998;13641700
5/12/2022;63.41;63.799999;63.259998;63.470001;63.470001;9185100
6/12/2022;63.52;63.880001;63.23;63.439999;63.439999;10099500
7/12/2022;63.450001;63.720001;63.25;63.540001;63.540001;12307600
8/12/2022;63.599998;63.849998;63.349998;63.810001;63.810001;9946200
9/12/2022;63.610001;63.84;63.09;63.139999;63.139999;13903800
